complex_id,label
4V24_A_23365,0
7YAN_A_6668,1
7YAN_A_9873,1
3TJS_A_21627,1
6OB6_A_16127,1
1PQ2_A_12548,1
1DEH_A_13447,1
7EAT_A_3266,0
2HI4_A_9969,1
6OP0_A_16027,1
4D6T_H_2199,1
5U03_A_12955,0
3TJS_A_24044,1
2F7E_E_26703,1
5UE2_A_16625,0
2NA0_A_5274,0
6OP0_A_10605,0
2HI4_A_2712,1
2BXR_A_6050,1
3TJS_A_195,1
2VWU_A_21688,1
7YAN_A_2207,0
1X6V_A_5790,1
5MSC_A_20018,1
3TJS_A_7192,1
1PQ2_A_20641,1
7YAN_A_1786,1
3TJS_A_15456,1
7PK0_A_21255,0
5OMY_A_15539,0
3IBD_A_10876,1
3TJS_A_13841,1
6M7X_A_16282,1
1PQ2_A_26574,1
1PQ2_A_8688,1
3J94_A_12868,0
5UE2_A_12078,1
4J15_A_25788,1
3IBD_A_1927,1
3I2B_A_563,0
1BPX_A_9517,0
3ECM_A_26812,0
3O4R_A_18083,0
3BUR_A_5898,1
2QHM_A_18586,0
4DCH_A_9746,0
1R9O_A_15535,1
2LCK_A_793,1
3TJS_A_1846,1
8DAO_F_12145,0
1S3A_A_21537,0
2HI4_A_2346,1
1RNF_A_13810,0
3IBD_A_19289,1
8OXV_A_13538,1
1HE2_A_3473,0
7LAD_A_5543,0
2L0P_A_9394,0
1Z8D_A_10275,1
1CI6_A_301,0
1JO6_A_16077,0
5KZW_A_8780,0
5LJB_A_4546,1
3VG9_A_19043,1
6KUW_A_23074,1
5MSC_A_24613,0
4J15_A_17436,0
2F7E_E_10772,1
7LAD_A_10761,1
4ZEL_A_5029,0
7SQM_A_24485,0
6ASY_A_25196,0
7ZZO_A_9478,0
4MJO_A_16054,1
4TTB_A_10744,0
1JXV_A_17299,0
3TJS_A_17241,1
2ON3_A_10532,0
5KNN_A_24795,0
1DEH_A_2885,0
7YAN_A_25631,0
6RV2_A_12427,0
1EL3_A_26921,1
5UQS_A_24067,0
7LAD_A_23222,1
1II4_A_10937,1
7SQM_A_20405,0
3TJS_A_4310,1
3APU_A_18802,1
4AF3_A_25885,1
2DW0_A_14505,0
5GL7_A_4148,0
1F0Y_A_24881,0
6E5B_K_40,0
2PID_A_19061,0
4FU4_A_25576,1
4YVV_A_12286,1
4OE5_A_8500,1
2HI4_A_15067,1
1HT0_A_12361,0
6RV2_A_4475,1
3OLD_A_445,1
2QXG_A_1008,0
4FU4_A_19928,1
6GQ3_A_18251,1
2VCQ_A_4538,1
4IP7_A_26467,0
1R9O_A_3995,1
3TJS_A_24242,1
3IBD_A_23455,0
1R9O_A_13409,1
1RY7_B_19411,1
6HN3_A_27061,0
7EAT_A_10104,0
4A5T_S_2853,0
6EHA_A_20581,1
4QGK_A_22208,0
1MVS_A_17618,1
2XX3_A_20666,0
1RXT_A_17907,0
7ZZO_A_22353,1
2L0P_A_9938,0
2XSX_A_11907,0
5HVJ_A_17993,0
1ZW5_A_14359,1
3OLD_A_17373,1
4FL2_A_11400,0
2HI4_A_16828,1
3TJS_A_25778,1
1HML_A_27034,0
1EAZ_A_9974,0
1R9O_A_20477,0
1R9O_A_26025,1
6E5B_N_12946,0
3TJS_A_12983,1
3OLD_A_21781,1
3F3Y_A_24386,0
3TJS_A_22596,1
2XX3_A_2349,0
7RTG_A_6880,0
2XRF_A_23540,0
3TJS_A_14895,1
4D6U_D_14839,0
5WZO_A_14402,0
1URL_A_418,0
7LAD_A_2479,1
1NE7_A_25334,1
3C3U_A_7095,0
1KQN_A_25168,1
6M7X_A_135,0
1LPQ_A_23576,0
1N6U_A_24983,0
7YAN_A_16911,1
1KZW_A_17515,0
8U2T_A_5686,1
7ELX_H_1215,1
1AGN_A_6992,0
3TJS_A_19327,1
1HT0_A_14092,1
6N2U_A_23604,0
5MSC_A_9803,0
4XPB_A_24489,1
7Q84_A_17165,0
3VG9_A_12278,1
1R02_A_16538,0
5CJ6_A_13706,1
8GOD_A_3472,0
3VG9_A_17597,0
3HI7_A_16872,1
3IBD_A_7123,1
4ZEL_A_23250,0
1EE2_B_4314,0
3TJS_A_22083,1
1MVS_A_8258,1
4BKE_A_6969,0
1CA3_A_18020,1
3VW7_A_21139,0
3I6W_A_4030,0
3O8Y_A_21051,1
2HI4_A_27234,1
1R9O_A_22885,1
1ACB_E_18109,1
4QGK_A_24456,1
8B04_A_18776,1
3TJS_A_17934,1
1R9O_A_25175,1
9LDB_A_11773,1
6SUK_A_14936,1
3TTI_A_22770,1
1B3O_A_18,1
1R9O_A_14881,1
3TJS_A_21090,1
3DDU_A_15601,0
3PM0_A_9183,1
3TJS_A_7601,1
5MVZ_U_25761,0
1FGG_A_15818,1
2CW6_A_6320,0
5N3W_A_9076,1
1R9O_A_7860,0
5N3W_A_5671,0
5WH6_A_10517,1
1CA3_A_10801,0
3TJS_A_1483,1
3F3Y_A_25977,0
1CA3_A_2655,1
5IZQ_A_21877,0
2IIK_A_11642,0
5VOD_L_3656,0
4D6T_H_14416,1
4V24_A_17623,0
3TJS_A_85,1
7YAN_A_12143,1
4D6U_D_16009,1
1Z8D_A_7410,0
1PQ2_A_26977,1
7YAN_A_9624,1
1R9O_A_3665,1
2XRF_A_4296,0
1OE9_B_21774,0
2OXE_A_14671,0
7LAD_A_2852,0
5CJ6_A_22177,1
1YZG_A_22418,0
1LPQ_A_15096,0
2BXR_A_3170,1
1II4_A_6619,0
1JVD_A_18539,1
2I99_A_22084,0
1AII_A_1750,0
1UMY_A_1791,0
8D3J_A_8608,0
3O4R_A_19509,0
6O60_B_19899,0
1WMA_A_25340,1
1FUJ_A_16306,0
5KNN_A_4751,1
4S0S_A_27121,1
1PQ2_A_25062,1
3TJS_A_8644,1
6CER_B_9613,0
7UT0_A_8878,0
6UP1_A_10764,1
6OP0_A_3719,0
6SE3_A_7728,0
1X9D_A_13605,1
5KXI_A_542,1
4QGK_A_25380,0
3KLR_A_19847,0
3TJS_A_19503,1
3IBD_A_17455,1
3TJS_A_17076,1
1J3S_A_5931,1
7LAD_A_10461,1
2K21_A_10882,1
3TJS_A_6134,1
1PQ2_A_3339,1
4NDN_A_2561,0
1OHV_A_26991,0
6CQ6_A_3486,1
1LPQ_A_25799,0
1J3S_A_3745,0
7MLH_A_18836,0
2HQU_A_5990,0
2BXR_A_13441,0
1R9O_A_21697,1
2XSX_A_10148,0
2BXR_A_7271,1
3TJS_A_11176,1
7LAD_A_72,1
4Y62_A_3276,1
5OQT_A_10622,0
3TJS_A_5536,0
2L73_A_3121,0
1KFU_S_10334,0
5DYH_A_7024,0
3TJS_A_24734,1
1B6C_B_13509,0
7YIV_A_5126,1
7Y0A_A_26783,1
7YAN_A_23926,1
5IFI_A_2113,0
4R0B_A_15599,1
2HI4_A_22261,1
4Z32_A_319,1
2W6E_G_19884,1
2VCQ_A_19655,1
2JEV_A_4677,0
3GYL_B_3906,0
2F7E_E_2802,1
1R9O_A_21431,1
2HI4_A_6642,1
2C3N_A_57,0
4J15_A_22226,0
1R9O_A_13272,1
1L9X_A_1591,0
3IBD_A_6133,1
2ON3_A_2714,0
8GK3_A_8323,1
5IEG_A_3480,0
1R9O_A_7460,1
3PM0_A_15514,1
1EL3_A_20199,1
4XPB_A_11023,1
4R0B_A_6861,0
7LAD_A_17818,1
6OAU_A_8961,0
7SQM_A_11270,1
7RTG_A_25274,0
8GK3_A_4141,1
2Z7Q_A_21337,1
8GK3_A_8630,1
2I47_A_23516,1
1R9O_A_13644,1
7YAN_A_15178,0
3N9Y_A_19723,0
4IG8_A_894,0
1B6C_B_17731,1
4D6U_D_17271,1
3OLD_A_11996,0
3N9Y_A_1016,0
5FA6_A_8401,1
1R9O_A_25179,1
5NHG_A_26215,0
2E2R_A_741,1
1PQ2_A_13653,1
5JLH_F_27017,0
7YAN_A_8504,1
6KUW_A_8381,1
5CJ6_A_27325,1
8GOD_A_5778,0
2QHM_A_24934,1
1CA3_A_3153,1
3R7G_A_572,0
5ZNF_A_3449,0
2W6E_D_16265,0
4OE5_A_25565,0
2HI4_A_12421,1
4CQL_A_17644,0
1LPQ_A_27094,0
1CA3_A_27235,1
3TTI_A_17866,1
5KNN_A_9990,0
6UP1_A_21634,1
3TJS_A_16527,1
4TPK_A_23267,1
4ZEL_A_9107,1
1ZW5_A_17329,1
11GS_A_7275,1
1ZNC_A_21470,0
3DDU_A_14033,1
3RUK_A_24739,1
1RNF_A_25193,0
3TJS_A_1433,1
6WCV_A_12218,0
2HI4_A_5249,1
5VOD_L_9809,1
1CI6_A_10284,0
3I2B_A_19491,0
3TJS_A_15699,1
2L0P_A_19409,0
3KLR_A_16661,0
4MJO_A_493,0
1R9O_A_3711,1
3OZZ_B_24151,1
4CT4_B_26311,0
4QQC_A_17193,0
1L9L_A_17547,0
3TJS_A_21805,1
7YAN_A_20731,0
3TJS_A_411,1
2Q5G_A_13424,1
3TTI_A_12249,1
4CT4_B_15230,0
3O4R_A_4204,0
1T2K_D_2384,0
1R9O_A_30,1
1GRN_A_5338,0
2QHM_A_8332,1
3ZYQ_A_18682,0
7LAD_A_16227,1
1APS_A_23770,0
3TJS_A_2672,1
1CA3_A_17451,1
4HU1_A_27022,0
1PBH_A_21387,1
4QGK_A_9838,0
1RON_A_19009,0
1R9O_A_8954,1
3NH4_A_4312,0
5BWA_B_12970,0
5MVZ_U_5496,0
3MTL_A_10503,0
4TPK_A_2936,0
4DC2_A_19356,0
6CGC_A_19172,1
4AOH_A_7523,0
1YB1_A_16175,1
2HI4_A_23822,0
1L9L_A_8885,0
2Z7Q_A_26308,0
2OKK_A_16392,0
2W6E_G_17298,1
6OP0_A_2931,0
6P5M_A_11602,0
1R9O_A_703,1
11GS_A_10857,1
6WCV_B_8891,0
6FWU_A_13084,0
1R9O_A_19371,1
4K2R_A_23231,0
1CA3_A_688,1
2F7E_E_6491,1
6X0S_A_24906,0
2HI4_A_23827,1
6KUW_A_9828,1
1SQN_A_10652,0
1V95_A_17944,0
8Q61_A_5400,0
2ZB2_A_23040,1
7YAN_A_1736,0
1OKC_A_3362,0
1N4H_A_16763,0
3TJS_A_27341,1
3O4R_A_8098,0
1PQ2_A_16724,1
7WT2_A_13504,0
2M9G_A_1330,1
1R9O_A_24155,1
2VWU_A_11391,0
6F34_A_1278,0
1OKC_A_9616,0
6CER_B_4253,0
7YAN_A_24950,1
7LAD_A_14703,1
2HI4_A_26796,1
1MVS_A_24212,1
5WKP_A_70,0
2Q32_A_15798,1
1CA3_A_3087,1
4XPB_A_17724,1
6Y35_C_17079,0
3ELP_A_16516,0
3DDU_A_18273,0
2ZB2_A_10833,0
3TJS_A_12377,1
4UEX_A_6931,0
3TJS_A_27311,1
1DQ8_A_9696,1
7MLH_A_173,0
1PQ2_A_17841,1
1KZW_A_7494,1
1OKC_A_10233,0
1EL3_A_6542,1
8ESF_A_888,0
1PQ2_A_25880,1
1AII_A_12563,0
2MZE_A_6102,0
4QQC_A_22214,1
6CGC_A_16493,1
6Q8Z_A_24830,1
6S8L_B_11546,0
1R9O_A_3461,1
1FGG_A_5854,0
2N02_A_6269,1
2ZB2_A_15749,0
6V6Q_A_23057,1
2KVU_A_11519,0
3TJS_A_184,1
1VL8_A_2812,0
5KZW_A_16644,0
2HI4_A_4905,1
3TJS_A_2145,1
1PQ2_A_3536,1
5WH6_A_10947,1
2QHM_A_26282,1
5JNR_A_15675,0
1FR8_A_18217,1
3N9Y_A_4313,0
3PM0_A_27025,1
2HI4_A_12492,1
2HI4_A_14482,1
1KWP_A_21734,0
5WH6_A_6460,1
6XFQ_G_1603,0
7QGM_A_11448,0
6LHM_A_10985,0
8Q61_A_4480,1
4DC2_A_17317,0
3U9S_A_1957,0
3C0Y_A_22323,0
6RNK_A_9953,0
6SUK_A_14041,1
4D6T_H_15690,1
1CA3_A_869,1
7LAD_A_11005,1
1A27_A_1389,0
3TJS_A_638,1
6E5B_N_17386,0
7BY1_A_205,0
1R9O_A_10572,1
1ZNC_A_25060,1
1AII_A_22436,0
1JO6_A_21689,0
4UYB_A_25524,0
3VG9_A_18025,0
5JK7_D_21030,0
4XPB_A_23755,1
1NE7_A_313,0
5N6R_A_7142,0
2F7E_E_9830,1
7YAN_A_11746,1
6NUI_A_8929,0
1EE2_B_19559,0
5LJB_A_20125,0
4QUV_A_22012,0
3VG9_A_17948,1
3TJS_A_18044,1
1SQN_A_19200,1
1AII_A_26802,0
3ECM_A_649,1
1OHV_A_17674,1
1B6C_B_7399,1
1EL3_A_9584,1
3TJS_A_22695,1
3TJS_A_21300,1
8Q61_A_5397,1
4D6U_D_2626,1
3IBD_A_16688,1
6U3E_A_25434,0
7JTN_A_19881,1
6WCV_B_915,0
4DA5_A_9577,0
5IEG_A_12903,0
3TJS_A_3547,1
8ELC_A_4232,0
3IBD_A_6450,1
3TTI_A_17093,0
2HI4_A_24647,1
5BWA_B_18334,1
6FX0_A_5562,1
2CZH_A_23240,0
3P1M_A_3132,0
5IJT_A_13518,0
4ZVV_A_8805,0
8Q61_A_4959,0
2XX3_A_321,0
2VCQ_A_19929,1
4V24_A_12002,0
3ICH_A_19775,0
1PQ2_A_3886,1
1MVS_A_816,1
1HKB_A_1480,0
3IBD_A_25617,1
1OPK_A_18874,0
5LA4_A_21582,0
1I1N_A_7324,0
4FL2_A_1197,0
1R9O_A_8409,1
2ZB2_A_4921,1
4ZVV_A_17405,1
8GK3_A_13113,1
2XRF_A_14133,0
1OLM_A_8571,0
2YXT_A_19702,0
1R9O_A_14240,1
4TPK_A_18626,1
8X23_A_11461,0
5CJ6_A_23556,1
6KZB_A_2540,0
3OQ5_A_15800,1
3WYG_D_25700,0
2HI4_A_2643,1
6X0S_A_16706,0
4AGC_A_16623,1
6E5B_H_18743,0
1M6D_A_21084,1
1WMA_A_17419,0
3OLD_A_19812,1
3C3U_A_11579,0
6F34_A_25659,1
2HI4_A_1186,1
1B6A_A_4693,1
4ZEL_A_20899,1
3IG5_A_26515,0
2HI4_A_6270,1
2F7E_E_1778,1
1P4R_A_26271,1
6HPO_A_20780,0
1JXV_A_3603,1
1Z8D_A_4426,1
3TJS_A_2114,1
2VWU_A_722,0
1OKC_A_803,1
1W6U_A_20921,1
1CA3_A_2330,1
2OKK_A_1696,0
3ECM_A_292,0
5UE2_A_2773,0
5TC0_A_10561,0
1JHB_A_25840,0
6OP0_A_14108,0
3IBD_A_934,1
1Z8D_A_17044,1
2I47_A_17318,1
3IBD_A_26774,1
2VXO_A_10898,1
3I2B_A_9127,0
1PQ2_A_1119,1
3TJS_A_16062,1
8C9E_A_15080,0
3IBD_A_21225,1
7LAD_A_21955,1
3IBD_A_10027,1
2F7E_E_10981,0
3TJS_A_5584,1
7YAN_A_18249,1
4DA5_A_18002,0
2W6E_D_22049,1
3TJS_A_15183,1
3TJS_A_20885,1
1YB5_A_5395,1
3OLD_A_18152,0
4GRW_B_5934,0
2HI4_A_10534,1
4GRI_A_19545,0
6CER_B_1192,0
1WVA_A_20258,1
1URL_A_2660,0
7RTG_A_26808,1
4HT2_A_25299,0
8GK3_A_27041,1
1PBH_A_20674,0
7LAD_A_4591,1
3TTI_A_12364,1
1A2X_A_11800,0
1ZNC_A_23615,1
5UQS_A_5185,1
4OLI_A_24425,0
1Z8D_A_2520,1
1Z8D_A_10088,1
3IBD_A_24788,1
3IBD_A_16908,1
5M8Q_A_19578,0
2C9Y_A_3069,1
6RV2_A_25254,0
2N02_A_15010,0
1JXV_A_17719,1
6G6W_A_10161,0
1KAO_A_12312,1
5KXI_B_18179,1
4LIQ_E_16328,1
1EE2_B_12191,1
5XAF_E_2203,1
2GER_A_27328,1
4ZEL_A_18949,0
1I1N_A_6288,0
3TJS_A_3576,1
3TJS_A_17251,1
2VCQ_A_26148,0
6AGV_A_26746,1
4YC6_A_14641,0
4MJO_A_20213,1
1R9O_A_18167,1
1R9O_A_20221,1
4GRI_A_7239,0
1SWX_A_13715,1
7MJC_A_2469,0
2HI4_A_22583,1
3RZL_A_7432,0
6V6Q_A_10988,1
4LIQ_E_19641,0
6E5B_N_9981,0
3TJS_A_2334,1
7EAT_A_21593,0
1HE2_A_21936,1
3Q18_A_15438,0
3C49_A_21847,0
5ZNF_A_1447,0
3TJS_A_7507,1
2HI4_A_8831,1
1R79_A_12654,0
1PQ2_A_3713,1
5WH6_A_14103,1
2BXR_A_26110,1
6PLF_A_2359,0
1RNF_A_14532,0
6Q8Z_A_1337,0
1OKC_A_1593,0
7LAD_A_20640,1
1JO6_A_22979,0
4J15_A_12203,0
3OLD_A_12240,1
7YAN_A_20702,1
2KS9_A_18613,1
2HI4_A_25956,1
3TJS_A_5601,1
4Q95_A_11916,0
7YAN_A_10294,1
6Q89_A_7430,0
5CJ6_A_17446,1
3TJS_A_10228,1
4Y62_A_18048,1
6CQ6_A_13311,0
7YAN_A_3637,1
7RTG_A_14183,1
5TP0_A_17742,1
3TJS_A_11079,1
5OQT_A_27008,0
7YAN_A_15277,1
6OB6_A_23461,0
7YAN_A_20907,1
2HI4_A_103,1
1MVS_A_14719,1
8GOD_A_13749,0
8Q61_A_15040,1
6AT5_A_13529,0
6OAU_A_22443,0
3WYG_D_23714,1
4TPK_A_1889,0
7YAN_A_26362,1
3TJS_A_21912,1
4FU4_A_16926,1
2HI4_A_11810,1
4XPB_A_13020,0
7LAD_A_20643,1
8B04_A_12894,1
7LAD_A_1888,1
3GYL_B_7449,0
5MSC_A_19919,0
3I2B_A_22880,0
2W6E_G_17974,0
1MF8_B_16708,0
3MA2_A_10970,0
3TJS_A_10302,1
1T2K_D_14399,0
2I47_A_15525,0
3TJS_A_10568,1
6CFO_A_5836,0
3TJS_A_19821,1
3R1N_A_14059,0
4UYB_A_6928,0
3TJS_A_15651,1
6AT5_A_4991,0
1X9D_A_3259,0
6U3E_A_16550,1
8U2T_A_23601,0
7YAN_A_13161,1
5HK1_A_16209,0
8Q61_A_15003,1
3IBD_A_12451,1
2ZZ0_A_1224,0
2PME_A_27296,1
5XIX_A_16572,0
5MO4_A_17785,0
1B3O_A_19645,0
3TJS_A_4758,1
1NE7_A_614,1
3TJS_A_22994,1
3TJS_A_20680,1
8GK3_A_11497,1
1DQ8_A_9586,1
3R7G_A_2375,0
2I47_A_11720,0
4MJO_A_467,0
2HI4_A_12495,1
4NDN_A_13804,0
7CLI_A_21911,0
5LA4_A_24173,0
2HI4_A_3152,1
3TJS_A_308,1
1B6C_B_25555,0
4XPB_A_5788,1
2F7E_E_2704,1
5UQS_A_10544,0
4D6T_H_13196,0
6JOD_A_6698,1
6EIX_A_23739,0
3DLX_A_1885,0
3TJS_A_13612,1
1RON_A_26961,0
6RNK_A_5378,0
1OHV_A_10649,1
3DSL_A_24606,1
2HRB_A_17594,0
6U3E_A_14550,0
3KLR_A_21799,0
2F7E_E_15448,0
3U9S_A_14467,0
2QHM_A_21003,1
4AF3_A_22686,0
1B6C_B_11967,1
4AGC_A_18817,1
1R9O_A_12714,1
1PQ2_A_12950,1
5WH6_A_1158,1
1YXM_A_10642,0
6NT2_A_10735,0
4TPK_A_9562,1
4ZVV_A_22055,0
1R9O_A_6765,1
4UHW_A_7751,0
5IFI_A_3673,1
6WCV_B_25386,0
8B04_A_19012,1
6T13_A_5904,0
1PQ2_A_14316,1
2Q8F_A_20791,0
1KWP_A_9120,1
3TJS_A_14706,1
5M8Q_A_7351,0
1R9O_A_20499,1
2OKJ_A_5559,0
6U3E_A_11861,0
3TJS_A_12748,1
1SQN_A_11253,0
6KZB_A_3015,0
3TJS_A_20336,1
3IBD_A_19151,1
5JK7_D_16913,0
6OP0_A_13456,1
2B39_A_4870,0
1CA3_A_25012,1
1R9O_A_24222,1
1OAT_A_5364,0
8GOD_A_7500,1
3DLX_A_13673,0
3TTI_A_20549,1
3TJS_A_4863,1
1PQ2_A_27120,1
4LIQ_E_9718,1
2HI4_A_3600,1
1A27_A_16609,0
2Q8F_A_18941,0
3E2Y_A_307,1
1R9O_A_700,1
3E4C_A_1958,1
8GK3_A_7225,1
5WZO_A_1547,1
1R9O_A_1322,1
6RV2_A_11644,0
1ZRH_A_19635,1
1N6U_A_10614,0
1Q3M_A_25113,1
3O8Y_A_18695,0
2W6E_G_7156,1
7LAD_A_1831,1
3TJS_A_19331,1
6FX0_A_13718,0
2OKK_A_2132,0
1OPK_A_20418,0
1EL3_A_7680,1
3DSL_A_23379,0
4DCH_A_14652,1
5UX4_A_11815,0
4R0B_A_4197,0
1KQN_A_630,0
8B04_A_2899,1
3TTI_A_4919,0
5GMM_A_14972,1
4MJO_A_9857,1
1PBH_A_21520,1
5EE5_B_11939,0
7BY1_A_2226,0
1TG6_A_12819,0
1ZNC_A_5937,1
1PQ2_A_10661,1
5U03_A_24816,1
5OQT_A_16443,1
7ZZO_A_9115,1
4GRW_B_11396,0
7YAN_A_27326,0
2HI4_A_45,1
3TJS_A_21491,1
3C49_A_636,0
2HI4_A_23410,1
1SEN_A_20842,1
2HI4_A_5951,1
3TJS_A_13552,1
1PQ2_A_9950,1
3F3Y_A_17553,0
6JOD_A_2909,0
2W6E_A_21191,1
5MVZ_U_21855,1
4NQA_A_15971,1
8GK3_A_20216,1
3GZC_A_7999,0
1AHW_C_10692,0
1BUH_B_20379,0
1PQ2_A_11729,1
6CGC_A_7807,0
6V06_A_19097,1
3TJS_A_2016,1
3TJS_A_8606,1
5N6R_A_6656,0
6JOD_A_20852,0
4WLJ_A_17890,1
4QGK_A_4974,0
2PQT_A_10961,0
2LUC_A_14216,0
4R0B_A_25587,0
3GQY_A_17516,0
4RM8_A_11858,0
6HN3_A_4323,0
1IWE_A_8452,1
4FU4_A_6072,0
2HI4_A_18181,1
1R9O_A_9701,1
2RJQ_A_13524,0
1N4H_A_22167,0
6V6Q_A_23301,1
7YAN_A_3541,0
4A5T_S_1539,0
1IL6_A_9783,0
2XE6_A_4343,1
1H4O_A_11839,1
1PQ2_A_2043,1
7LAD_A_3767,1
3PM0_A_22318,0
3C6G_A_22826,1
4P5W_A_12885,0
1DQ8_A_19154,1
3OQ5_A_23251,0
1ZNC_A_11899,0
3DDU_A_4525,0
6XFQ_G_3260,0
3N9Y_A_4315,0
6U3E_A_24094,0
1PQ2_A_8678,1
2DYB_A_6196,0
1CA3_A_12313,1
4ZEL_A_532,0
3C3U_A_732,0
7YAN_A_22509,0
11GS_A_19716,1
5GMM_A_23505,1
5MVZ_U_8981,1
6OAU_A_27356,0
6TOR_A_15380,1
5E13_A_21098,0
6KUW_A_22966,1
3IBD_A_22837,1
4V24_A_15898,0
5M8Q_A_4610,0
2YXT_A_1813,0
3O4R_A_8798,1
7BR3_A_5535,1
3DSL_A_8931,1
4NDN_E_23496,0
1Z8D_A_25545,1
1PQ2_A_13754,1
2QHM_A_10748,1
1M6D_A_6604,0
1HT0_A_15907,1
2M9G_A_9008,0
5GMM_A_21778,1
2H63_A_12725,0
6BRJ_A_18202,0
4AF3_A_22947,0
1C5G_A_19806,0
6RV2_A_6337,0
6CGC_A_6051,0
3OFM_A_12061,0
8U2T_A_25662,0
7JXG_A_4553,0
3IBD_A_8812,1
1SQN_A_7900,0
2QXG_A_16568,0
3IBD_A_8809,1
2ZB2_A_21000,1
5KXI_B_11798,0
6RV2_A_23387,0
2Z7Q_A_5301,0
7LAD_A_25425,1
8GOD_A_17895,1
1AII_A_6040,0
4G16_A_11238,0
3ECM_A_24757,0
2OKK_A_3451,0
2HI4_A_17550,1
2XIJ_A_17300,0
6KUW_A_56,1
1VZO_A_26602,0
3TJS_A_260,1
3HQD_A_20385,1
4G8A_A_13977,1
1CA3_A_14949,1
1AHW_C_22741,1
3O8Y_A_18344,1
4GDX_A_16321,0
5UX4_A_2762,1
7LAD_A_9413,1
1PQ2_A_4261,1
4Z32_A_8468,1
3TTI_A_17937,0
5FA6_A_13217,0
1L9L_A_10880,0
1CA3_A_13323,1
6IIE_A_19959,1
1PQ2_A_15492,1
2HI4_A_22121,1
3TJS_A_17828,1
3ELP_A_24841,1
4AF3_A_1374,0
1SQN_A_2546,0
3TJS_A_18032,1
4XSV_A_20905,0
1MVS_A_6411,1
3TJS_A_24529,1
2HI4_A_20812,1
2B3X_A_2917,0
1PQ2_A_15381,1
1HE2_A_13869,0
1LPQ_A_10873,1
4ZVV_A_21913,0
3TJS_A_19590,1
3ELP_A_8587,0
3ELO_A_24907,0
7LAD_A_13843,1
6OB6_A_10062,1
4X2Q_A_11434,0
2QHM_A_17884,1
1HE2_A_23456,0
1X6V_A_26693,0
1PQ2_A_14218,1
4PHC_A_10004,0
1TG6_A_27430,0
3PM0_A_961,1
2HI4_A_1280,1
7LAD_A_6324,1
1R9O_A_24585,1
5CJ6_A_17337,1
3NH4_A_23065,0
1JHB_A_26027,0
1APS_A_11080,0
1RXT_A_3897,0
2NA0_A_5085,1
7YAN_A_11743,0
4X2Q_A_25746,0
3TJS_A_20683,1
7LAD_A_23374,1
6OB6_A_11462,0
1R8Q_A_18208,0
3TJS_A_3000,1
2HI4_A_18584,1
1Z8D_A_22239,1
2E56_A_25779,0
4E5Y_A_11537,0
1R9O_A_4494,1
3VG9_A_2693,1
1JO6_A_18505,1
3TTI_A_1477,1
1C5G_A_23180,0
1PQ2_A_1651,1
6FWU_A_6105,0
3B6R_A_18221,0
4YVV_A_2118,0
3TJS_A_11820,1
1ZNC_A_12433,0
2HI4_A_25677,1
2F7E_E_27036,1
4DA5_A_2036,0
2W6E_D_8584,0
1DQ8_A_16383,1
1R9O_A_14568,1
4GRW_B_6968,0
3IBD_A_5653,1
2R37_A_3343,1
1H4O_A_27367,0
4BB5_A_16151,1
3TJS_A_16431,1
6RPC_A_1545,0
1B6A_A_23678,1
3TJS_A_26525,1
3O8Y_A_12346,0
1KWP_A_20434,0
2QHM_A_608,0
2JAM_A_20261,0
1X9D_A_17336,0
4J15_A_2716,0
2HQU_A_26401,0
3TJS_A_8118,1
3VW7_A_1454,0
6CGC_A_13516,0
3TJS_A_18499,0
1EZQ_A_11377,1
4TPK_A_883,1
6SW5_A_15237,1
3TJS_A_4486,1
3IBD_A_6824,1
6F34_A_12631,0
3IBD_A_23015,1
2K21_A_20854,0
3O8Y_A_16379,0
1RNF_A_20346,0
3IBD_A_10892,1
1B3O_A_980,0
1PBH_A_2452,1
3IBD_A_2345,1
1R9O_A_11930,1
3KQ0_A_21499,0
1WXA_A_3393,0
3RUK_A_18427,0
3TJS_A_16456,0
6HPO_A_9883,1
2COG_A_6093,1
3TJS_A_11101,1
5MO4_A_11788,0
6KZB_A_22925,0
1EL3_A_8550,1
2HI4_A_4712,0
1MVS_A_26755,1
4MJO_A_17480,0
3P1M_A_17702,1
2HI4_A_3457,1
6SE3_A_16893,0
1PQ2_A_7913,1
7YAN_A_5590,0
1PQ2_A_16274,1
2HI4_A_8976,1
5FA6_A_13981,1
2ZZ0_A_14385,0
3TJS_A_6948,1
1DQ8_A_18798,1
6AT5_A_17621,0
3TJS_A_10825,1
7YAN_A_12995,0
2QXG_A_14599,0
6EHA_A_19536,0
1R9O_A_13974,1
1KAO_A_2526,0
7BY1_A_8312,0
3TJS_A_6641,1
6U3E_A_8725,0
3TJS_A_16537,1
2OL2_A_25364,0
1R9O_A_12394,1
5IZQ_A_3460,0
6PLF_A_26183,0
6EIX_A_12969,0
3MA2_A_9310,0
7CLI_A_8364,0
2HI4_A_16170,1
4ZNE_A_10226,0
1R9O_A_26225,1
2LUC_A_26940,0
7LAD_A_22624,1
1EE2_B_5711,1
6OB6_A_9854,1
3QM4_A_22127,1
1PQ2_A_13041,1
5UE2_A_21309,0
2QHM_A_1411,1
1K7L_A_20565,1
4UYB_A_5852,0
4D6Z_A_10071,0
1R9O_A_9155,1
1PQ2_A_4840,1
1R9O_A_7286,1
1R9O_A_1234,1
1T27_A_25235,0
4HU1_A_7520,1
1PQ2_A_22933,1
1WXA_A_9070,0
3ECM_A_22401,0
3BOW_C_7731,0
4TPK_A_26880,1
1FUJ_A_4762,0
3WYG_D_3017,1
3UNB_D_4606,0
7YAN_A_6776,1
1PCP_A_3474,0
1R9O_A_3635,1
1B6A_A_20697,0
6F34_A_20320,1
3CMQ_A_4045,0
1PQ2_A_22449,1
4D6U_D_9016,1
7LAD_A_25653,1
1SEN_A_755,0
6AT5_A_24593,0
7LAD_A_9515,1
1OKC_A_25002,0
8U2T_A_13799,0
3KXC_C_1744,0
6EIX_A_5488,0
3TJS_A_323,1
1OAT_A_9989,1
1PQ2_A_24245,1
4TPK_A_6391,1
2B39_A_16711,0
3TJS_A_14818,1
1ZW5_A_21302,0
1K6M_A_14553,0
5TP0_A_5927,0
3TJS_A_11362,1
3HQD_A_7745,1
2XSX_A_23640,0
6M7X_A_23871,1
2Q5G_A_14604,0
3SE3_A_23865,0
1PQ2_A_22317,1
4TPK_A_6122,1
4C2X_A_2889,0
3E4C_A_17629,0
3OLD_A_20610,0
1R9O_A_16097,1
2XX3_A_23287,0
7WT2_A_19946,0
1EXT_A_26238,0
1CA3_A_16603,1
2BXR_A_17524,1
7SQM_A_3308,1
7YAN_A_16640,1
1R9O_A_19480,1
1R9O_A_13265,1
1RJV_A_19487,0
1Z6Y_A_26647,0
1CA3_A_6661,1
4UY9_A_9247,0
4MVD_A_4372,0
4CIZ_A_21621,0
1Q3M_A_17887,0
5JK7_D_5045,0
4GRW_B_3323,0
5IJT_A_4608,0
7BY1_A_15415,0
5GL7_A_4272,0
7LAD_A_18457,1
2HI4_A_756,1
11GS_A_7857,1
1B6C_B_12662,0
1CA3_A_3083,1
2W6E_A_25741,1
4TTB_A_9481,1
1IS7_A_11437,0
4X2Q_A_8086,1
6NUI_A_17284,1
11GS_A_20,0
6RNK_A_4645,0
1APS_A_19770,0
1ZW5_A_7177,0
3TJS_A_25976,1
3TJS_A_20486,1
3TJS_A_17074,1
5WKP_A_5217,1
1PQ2_A_21290,1
7LAD_A_14728,1
1PQ2_A_23340,1
1BUH_B_27257,0
2O05_A_19141,0
1LPQ_A_6210,1
1R9O_A_27016,1
6E5B_N_13868,0
3TJS_A_23488,1
1R9O_A_20809,1
2HI4_A_11715,1
6YAW_A_3021,1
2F7E_E_11250,1
6OP0_A_10513,1
3TJS_A_12461,1
2HI4_A_21274,1
1K6M_A_19033,1
6RNK_A_16287,0
7YAN_A_22276,1
1PQ2_A_18947,1
3TJS_A_11640,1
6RPC_A_12383,0
3C3U_A_12229,0
7YAN_A_12808,0
7PK0_A_451,0
2XRF_A_23837,0
1HT0_A_9527,1
6ASY_A_22534,0
1EZQ_A_27144,1
5E13_A_21070,0
1CA3_A_20148,1
1SQN_A_479,0
4Q95_A_5521,1
1CA3_A_4267,1
4DC2_A_11000,0
2XE6_A_17805,0
1R9O_A_5306,1
3TJS_A_11435,1
4TPK_A_16229,1
3N9Y_A_19361,1
1R9O_A_8511,1
1AHW_C_14499,0
1MVS_A_1552,1
2HI4_A_5387,1
8B04_A_24063,1
1APS_A_4046,0
3OE6_A_1424,1
1K7L_A_22714,1
1K7L_A_1538,1
4AOH_A_5824,0
1R9O_A_25184,1
3TJS_A_18566,1
3IBD_A_17670,1
4BB5_A_13039,0
1AGN_A_4097,0
7X7S_A_18795,1
3GQY_A_13184,1
7PK0_A_11725,0
1URL_A_8879,0
2E2R_A_1876,1
2XSX_A_1264,1
2DYB_A_4665,0
1UR6_A_27110,0
5BWA_B_17868,0
8BBK_A_12737,0
6PKY_A_2737,0
3ECM_A_19451,1
1R9O_A_10695,1
6E5B_H_12920,0
3TJS_A_3941,1
3TJS_A_15628,1
1KWP_A_16920,0
4TPK_A_6831,1
7BY1_A_13631,0
1IWE_A_12066,0
1IS7_A_1222,0
1PQ2_A_11936,1
3MY0_A_3667,0
7LAD_A_26587,1
3R1N_A_6248,0
1R9O_A_2855,1
3OFM_A_9226,0
6SE3_A_8682,1
4Y62_A_18364,0
7LAD_A_8437,1
3GZC_A_8120,0
6F34_A_9559,0
1CA3_A_21935,1
3VG9_A_14682,0
7LAD_A_24574,1
5UX4_A_25248,0
3TJS_A_22684,1
2NPP_B_6334,0
1HRJ_A_21941,0
1NE7_A_23903,0
7EAT_A_4250,0
3E4C_A_14285,1
3IBD_A_25050,0
6M7X_A_20329,0
1RML_A_7917,0
5XIX_A_16290,0
7YAN_A_5805,1
1RXT_A_3908,0
5I96_A_13663,0
3O4R_A_24946,0
1PBH_A_14791,0
8OXV_A_12988,1
8ELC_A_27129,0
3FBY_A_9750,0
3TJS_A_24996,1
7EO9_A_5506,0
5CJ6_A_12779,1
7YAN_A_27261,1
7LAD_A_2617,1
3O8Y_A_8739,1
6TUB_A_2336,0
4DCH_A_13090,0
5FA6_A_26984,1
7ZZO_A_8305,0
2HI4_A_10110,1
5GL7_A_13968,0
6JOD_A_4716,0
3TJS_A_4471,1
4K0V_A_11838,1
4XPB_A_147,1
3I2B_A_12194,0
1R9O_A_15715,1
7LAD_A_1402,1
3TJS_A_1282,1
6I07_C_26293,0
2HI4_A_2547,1
1JXV_A_7232,1
7YAN_A_7268,1
1FGG_A_989,0
1R9O_A_2996,1
1R9O_A_2642,1
1J3S_A_20402,1
4UYB_A_19235,0
2H63_A_12707,0
1B6A_A_21719,1
3TJS_A_27406,1
2BXR_A_611,1
1CA3_A_21770,1
7LAD_A_3188,1
1UMY_A_5864,1
5CJ6_A_12636,1
5BWA_B_8268,0
3DDU_A_11020,0
1A27_A_11013,0
5JLH_F_22454,1
6PLF_A_15845,0
5I96_A_15685,1
3C3U_A_7188,0
3TJS_A_3207,1
5XIX_A_11786,0
1KQN_A_7623,0
1B6A_A_23274,0
3I6W_A_23061,0
2VWU_A_19790,1
1M6D_A_15555,1
1MVS_A_1672,1
3TTI_A_24514,0
7YAN_A_27221,1
7LAD_A_16055,1
3RUK_A_24203,1
6YAW_A_671,0
3IIB_A_3813,0
5KNN_A_7951,0
3TJS_A_11283,1
3WYG_D_23800,0
1RON_A_7178,1
7YAN_A_7389,1
1PQ2_A_24486,1
1PQ2_A_26869,1
3TJS_A_743,1
2OXE_A_8508,0
3O4R_A_5197,1
1EAZ_A_24698,0
5N3W_A_19387,1
3TJS_A_22253,1
3OLD_A_6924,1
6RPC_A_15057,1
2HI4_A_11148,1
1CA3_A_26643,1
5MSC_A_24162,0
1R9O_A_22486,0
1T2K_D_14752,0
3TJS_A_26578,1
1IS7_A_22110,1
4XEM_A_20257,0
7YAN_A_8557,1
3BOW_C_8989,0
3TJS_A_1344,1
4BB5_A_17046,0
1R9O_A_3334,1
3OFM_A_7923,0
7JXG_A_1807,0
2VCQ_A_9800,1
2HI4_A_296,1
3OLD_A_3136,1
1OE9_B_18997,0
1K7L_A_3749,1
7YAN_A_9894,1
8Q61_A_17458,0
4EYC_A_1011,0
3B6R_A_11100,0
1II4_A_23299,1
8GK3_A_14171,1
3VG9_A_3501,1
3TJS_A_9010,1
2HI4_A_2956,1
1PBH_A_9416,1
2QHM_A_8526,1
3E2Y_A_2339,0
2Q5G_A_7522,1
3TJS_A_2544,1
1R9O_A_21212,1
1PQ2_A_5875,1
1R9O_A_9611,1
4D6U_D_16851,1
6FX0_A_21246,1
5ZNF_A_14034,0
2CW6_A_1906,0
1JHB_A_14273,0
1MF8_B_13008,0
3ELP_A_17869,0
3EDI_A_3561,0
5CJ6_A_4033,1
1CA3_A_20932,1
3ELP_A_21891,0
2C3N_A_17342,1
3TJS_A_25397,1
1R9O_A_15217,1
2HI4_A_23348,1
3TJS_A_12409,1
1CA3_A_17501,1
1WSR_A_1077,1
3MTL_A_25130,0
1PCN_A_4774,1
1PQ2_A_17897,1
3TJS_A_10762,1
2BXR_A_14440,1
2HI4_A_17428,1
3TJS_A_2446,1
1URL_A_12116,0
2GER_A_20514,0
5V1B_A_17107,0
2K4T_A_5821,1
4HT2_A_21508,1
6S8L_B_19754,0
1EXT_A_7584,0
3TJS_A_17267,1
4TPK_A_3812,1
3DLX_A_12337,0
1R9O_A_1333,1
1P4R_A_4784,1
2HI4_A_11433,1
2Q5G_A_21804,0
6AT5_A_23836,0
1MVS_A_17764,1
5IEG_A_6658,0
1PQ2_A_11085,1
3TJS_A_12558,1
4DC2_A_2699,1
1IWE_A_16701,1
7YAN_A_21768,0
2Q5G_A_1573,1
7LAD_A_18588,1
6RPC_A_9439,0
6CFO_A_8432,0
1YWH_A_16252,0
5TP0_A_27351,1
3R1N_A_7858,0
4HT2_A_23465,1
3TJS_A_4207,1
1EL3_A_16311,1
4ZEL_A_24379,0
2HRB_A_22644,0
8GK3_A_18692,1
1PQ2_A_1824,1
2H63_A_20120,0
6NT2_A_7493,0
3O4R_A_24086,0
3TJS_A_20211,1
3TJS_A_27390,1
7YIV_A_23101,0
2HI4_A_25315,1
3TJS_A_19739,1
3TJS_A_21851,1
6UP1_A_15760,1
7YAN_A_1058,1
4GRI_A_10408,0
4OE5_A_13611,0
1Z6Y_A_16374,1
2IIP_A_9787,0
2HI4_A_12584,1
5V1B_A_1714,1
2HI4_A_20998,1
1Q8G_A_26447,0
2CFH_A_27020,1
6WCV_B_27303,0
4BB5_A_1915,1
7JXG_A_10993,0
1SQN_A_22133,1
3U9U_E_9293,1
2VCQ_A_23245,1
7SQM_A_4714,0
8B04_A_7585,0
5IZQ_A_17794,0
2OKK_A_21046,0
5WKP_A_1614,0
6OB6_A_16756,0
3TJS_A_13317,1
2HI4_A_3829,1
2W6E_A_8196,0
1URL_A_11458,0
2IIP_A_2369,0
6KZB_A_12833,0
1R9O_A_6703,1
1CA3_A_1354,0
3TTI_A_17985,0
3TTI_A_2593,1
5UQS_A_3857,1
1EL3_A_6778,1
5UE2_A_7716,0
3TJS_A_7253,1
1OKC_A_16284,1
7PK0_A_9217,0
4G8A_A_11010,0
6KUW_A_16208,1
3OZZ_B_23600,0
7SQM_A_16084,0
2XX3_A_12204,1
3TJS_A_23209,1
3TJS_A_20841,1
5HBF_A_7200,1
7LAD_A_5563,0
2NPP_B_12269,0
1JVD_A_11136,0
1T27_A_20765,1
3MTL_A_10308,0
2B3X_A_4291,0
5UQS_A_10288,1
3IBD_A_16183,1
4CIZ_A_19542,0
11GS_A_22674,0
6AT5_A_11165,0
1R9O_A_26369,1
3TTI_A_9005,1
7LAD_A_14533,1
1JO6_A_12165,1
2M9G_A_9319,0
1WVA_A_5977,0
3TJS_A_18190,1
1R9O_A_20226,1
1PCN_A_26654,0
3TJS_A_19665,1
1RY7_B_24866,0
3N9Y_A_20172,1
4XPB_A_12992,1
1KQN_A_20947,1
4X2Q_A_7247,1
8GK3_A_7249,1
1CJC_A_8903,0
7LAD_A_11769,1
1YB5_A_6432,0
7YAN_A_21990,0
1RNF_A_17620,0
8B7S_A_16842,0
5CJ6_A_619,1
7PUE_A_777,1
4FV6_A_21282,0
6SUK_A_9297,0
8OXV_A_20964,0
7SQM_A_6413,0
5JLH_F_23629,1
7LAD_A_11613,1
3HQD_A_19842,1
3TJS_A_7379,1
4QUV_A_429,0
1F6W_A_714,0
2HI4_A_23588,1
1LPA_B_22282,1
2HI4_A_15763,1
3TJS_A_3151,1
2HI4_A_50,1
1OPK_A_1718,1
2HI4_A_7014,1
3IBD_A_21103,1
3TJS_A_340,1
7PK0_A_620,0
1PQ2_A_12635,1
4EC8_A_3895,0
6HPO_A_14047,1
6EIX_A_8741,0
1ZNC_A_17903,1
2HI4_A_22525,1
3O8Y_A_9301,1
1BUH_B_3985,0
1PQ2_A_9074,1
5IFI_A_19003,0
1OLM_A_22031,0
1R9O_A_6265,1
3TJS_A_12772,1
6OP0_A_4318,1
2OKK_A_2805,1
3KLR_A_5004,0
3OLD_A_16508,0
3TJS_A_23062,1
7PUE_A_11824,0
2Q32_A_18731,0
5JNR_A_27309,0
1T2K_D_16334,0
1I4D_D_16083,0
3TJS_A_2319,1
3TJS_A_11593,1
6KUW_A_10596,1
1LPQ_A_4000,0
3TJS_A_12295,1
1SQN_A_11323,1
7YAN_A_23383,1
7YAN_A_1473,1
7EO9_A_4352,1
3TJS_A_3148,1
1MF8_B_19391,1
2X0G_A_15866,0
1R9O_A_6884,1
2M9G_A_11759,0
2HI4_A_25997,1
5GMM_A_9244,1
2HI4_A_6763,1
1R9O_A_24349,1
3ECM_A_9644,1
1PQ2_A_23035,1
1HSO_A_17483,1
1LPA_B_17071,1
7ZZO_A_22586,1
1CA3_A_24411,1
2HQU_A_24931,1
4ZNE_A_10907,0
2IIK_A_10926,0
6WCV_A_4713,0
1PQ2_A_25498,1
1YWH_A_23421,0
2O05_A_21218,0
7YAN_A_23725,1
2HI4_A_2271,1
1RJV_A_19181,0
5TC0_A_20552,0
3RZL_A_24537,1
3KQ0_A_22528,1
3VG9_A_14910,1
5WH6_A_905,1
8Q61_A_18578,0
1MVS_A_21436,1
1R9O_A_14973,1
7LAD_A_19853,1
1IWE_A_7549,1
1PQ2_A_25952,1
6ASY_A_12475,0
11GS_A_560,0
2ZZ0_A_3489,1
3BOW_C_7197,0
3TJS_A_1476,1
3IBD_A_5074,1
3OLD_A_22105,0
3TJS_A_14922,1
3TJS_A_3192,1
1R9O_A_23457,1
1JXV_A_12542,1
4A5T_S_18810,0
6F34_A_13036,0
2XSX_A_16397,0
2C9Y_A_7355,0
6UP1_A_25105,1
1ACB_E_20659,1
3O96_A_4228,0
6CFO_A_5939,0
2H2N_A_4154,0
2CFH_A_10493,1
6FY4_A_25073,1
3JUB_A_3784,0
2COG_A_16301,0
3TJS_A_19514,1
2CFH_A_10575,0
4R0B_A_26909,0
5N6R_A_7405,0
1R9O_A_10831,1
6ASY_A_6419,1
6EIX_A_20601,0
3BEJ_A_967,1
4J15_A_2020,0
2VWU_A_10200,0
7YAN_A_8960,1
6RPC_A_26000,1
1RNF_A_8005,0
5TP0_A_27340,1
1B6A_A_20407,1
1RY7_B_18362,1
5N3W_A_15886,1
2HI4_A_16593,1
2HI4_A_9248,0
1R9O_A_20353,1
2HI4_A_21124,1
1B6A_A_12525,1
1R9O_A_20269,1
4QUV_A_16071,0
1R9O_A_12881,0
1SQN_A_18523,1
1JXV_A_4874,0
1EZQ_A_23153,1
2F7E_E_2892,1
1Z8D_A_20584,0
1JHB_A_8388,0
5XAF_E_6993,0
1IWE_A_8797,0
1R9O_A_17607,1
7EO9_A_12012,0
1Z8D_A_9491,1
7YAN_A_5984,1
1PQ2_A_966,1
6I33_A_14500,0
1OAT_A_2487,0
4TPK_A_6291,1
1HH8_A_23883,1
1F0Y_A_20399,0
1C9Y_A_26243,0
2HRB_A_19496,0
7JTN_A_665,0
3TJS_A_8748,1
3TJS_A_7329,1
1CI6_A_11488,0
4TPK_A_17855,1
2JEV_A_10788,1
4ZVV_A_678,0
4FU4_A_22652,0
3TJS_A_2879,1
2HI4_A_149,1
4X2Q_A_4229,0
3IBD_A_13747,1
1R9O_A_15433,1
3TJS_A_12149,1
1C9Y_A_16104,0
6RPC_A_25682,1
2IIK_A_23909,0
5OQT_A_3224,0
2HI4_A_20997,1
2HI4_A_14766,1
3TJS_A_26224,1
2BXR_A_13585,0
4YC6_A_9306,0
3E2Y_A_17194,0
2P31_A_27428,0
3TJS_A_22007,1
1C5G_A_11096,0
1PCN_A_26459,0
6PQH_A_2094,0
2HI4_A_16802,1
4ERC_A_19351,0
7LAD_A_7270,1
7LAD_A_24031,1
3F3Y_A_26514,0
3TJS_A_2028,1
1A2X_A_23262,1
2OKK_A_16558,0
4BB5_A_20073,1
3C49_A_15392,0
6RZ4_A_5255,1
1R9O_A_8814,1
7YAN_A_23167,1
5DYH_A_9531,0
2HI4_A_14062,1
2HI4_A_12114,1
4QQC_A_27150,0
1DQ8_A_24327,1
1P4R_A_964,1
5KZW_A_2881,1
7LAD_A_7297,1
8GK3_A_22245,1
2HI4_A_510,1
5IFI_A_17448,0
2O05_A_11314,0
7PK0_A_19378,0
2HI4_A_4092,1
3E4C_A_982,0
2QHM_A_18840,1
4XPB_A_20122,1
1K8K_B_19025,0
1ZNC_A_20554,1
6G2N_A_19525,0
1SQN_A_7720,0
2IIK_A_12266,0
2HI4_A_17231,1
6QMR_A_13174,0
2HI4_A_27230,1
4X2Q_A_18125,1
1R9O_A_17827,1
1PQ2_A_16782,1
1YXM_A_17961,0
1MVS_A_26500,1
6G6W_A_8081,1
4UEX_A_26868,0
2HI4_A_9007,1
1K7L_A_10606,1
4K0V_A_14975,0
1R9O_A_11094,1
1UR6_A_14172,0
4IG8_A_1287,0
5XAF_E_21133,1
3IBD_A_17971,1
6T41_A_21022,0
3TJS_A_1325,1
3TJS_A_2874,1
4O0C_A_10811,1
4TPK_A_16696,1
4R0B_A_23573,0
2QXG_A_2095,0
1K7L_A_16892,0
2X0G_A_1276,0
3IBD_A_10130,1
3TJS_A_22373,1
3TJS_A_2810,1
4NDN_E_1600,1
1PQ2_A_5299,1
2HI4_A_729,1
2XRF_A_7126,0
1B6A_A_23359,1
3F5O_A_3712,0
7F61_A_17100,0
3F5O_A_10000,0
5GMM_A_18581,1
4K2R_A_20174,0
1L9L_A_6750,0
7YAN_A_8097,0
6YAW_A_3681,1
6CGC_A_26022,1
7PUE_A_22981,0
4O1L_A_1132,1
6SUK_A_9743,1
6OB6_A_19279,0
7YAN_A_4063,1
1RJV_A_16319,0
4UYB_A_8896,0
3TTI_A_13701,1
3ZOB_A_4013,1
7F42_A_12843,1
1SQN_A_19142,1
6GVJ_A_26265,0
2C9Y_A_24508,0
2HI4_A_12623,1
5MSC_A_22918,0
5CJ6_A_14398,1
2HI4_A_19502,1
5WH6_A_11892,1
1M6D_A_20461,0
1PQ2_A_6242,1
3ECM_A_1825,0
6NUI_A_19175,0
3TJS_A_587,1
3DSL_A_19307,1
1PQ2_A_4366,1
2M33_A_19591,0
7LAD_A_25081,1
3TTI_A_24987,1
4TPK_A_19203,1
1L9X_A_10556,0
7LAD_A_12925,1
7YAN_A_14586,1
5N6R_A_10,0
3ELP_A_14075,0
3RZL_A_5507,0
5WKP_A_13610,1
1R9O_A_10754,1
3O4R_A_11538,1
1PQ2_A_12800,1
1HT0_A_2496,1
1MVS_A_18106,1
1Z8D_A_4065,1
6RPC_A_9856,1
4YC6_A_4425,0
1PQ2_A_15981,1
6T13_A_27377,1
11GS_A_24825,0
4TPK_A_13832,1
8GK3_A_19001,1
7YAN_A_22595,0
3N9Y_A_13175,1
6V6Q_A_12351,1
2JEV_A_20904,0
5GMM_A_14050,1
5B6M_A_20742,0
7X7S_A_556,0
7LAD_A_11679,1
7PK0_A_10350,0
3TJS_A_26326,1
2PID_A_3494,0
1R9O_A_23590,1
3EDI_A_27366,0
1TG6_A_10923,0
3O96_A_22044,0
4LIQ_E_1154,0
3GZC_A_24820,0
3TJS_A_16613,1
3IEI_A_11350,0
1WVA_A_9860,1
8OXV_A_13562,0
4XPB_A_6522,1
7Q84_A_9066,1
1WVA_A_5928,1
4AF3_A_6507,0
3TJS_A_24839,1
6E5B_H_14600,1
5CJ6_A_6069,0
4X2Q_A_6115,0
6SUK_A_13149,0
1DEH_A_5974,0
3DLX_A_13419,0
6SE3_A_5095,0
3FBY_A_244,0
3TJS_A_25899,1
1XW5_A_10603,1
5BWA_B_10474,0
1KUV_A_17691,1
5OQT_A_19691,0
1B6A_A_24589,1
1MVS_A_14674,1
5HBF_A_21633,1
1R9O_A_453,1
1HRJ_A_2764,0
6OB6_A_8662,0
1G3M_A_19726,0
2XX3_A_15236,0
6OAU_A_4245,0
1A2X_A_26623,0
7VF3_B_13128,0
1RON_A_25950,0
6F34_A_12242,1
3TTI_A_6021,1
6E5B_K_2721,1
3KQ0_A_6938,0
2HI4_A_20034,1
1DEH_A_14011,1
5FA6_A_24373,1
1T5C_A_13670,0
1VZO_A_22495,0
3KLR_A_11328,0
1PQ2_A_15262,1
6O60_B_6700,0
1M6D_A_23627,1
7YAN_A_12174,1
3TJS_A_4006,1
3GQY_A_6888,0
5MSC_A_13530,0
4ZA0_A_23921,1
7LAD_A_23781,1
7LAD_A_3309,1
2VCQ_A_2562,0
4Q95_A_8833,0
6LHM_A_27211,0
1LPQ_A_26463,0
3TJS_A_17933,1
3TJS_A_5627,1
2HI4_A_23582,1
6KUW_A_23700,1
3TJS_A_18842,1
4CT4_B_2756,0
5WH6_A_17509,1
1C9Y_A_24016,1
3F3Y_A_19769,1
4BB5_A_10116,1
5CJ6_A_25262,1
4QGK_A_2309,0
2N02_A_11093,1
1RML_A_2576,1
3TJS_A_18983,1
1Z8D_A_11447,1
3TW2_A_8287,1
4XSV_A_9130,0
4C9G_A_6777,1
2HI4_A_24405,1
5HK1_A_6358,0
1UMY_A_26963,0
1PCP_A_17789,0
3IBD_A_17494,0
1B3O_A_5435,0
1R9O_A_5198,1
1R9O_A_18358,1
2HI4_A_9389,1
1PUB_A_26483,1
2VWU_A_18197,0
3MA2_A_13996,0
3TJS_A_3338,1
7LAD_A_3287,1
2LCK_A_25673,0
2F7E_E_12170,1
1FR8_A_25373,0
2PID_A_21144,0
1R9O_A_6526,1
1CA3_A_20786,1
1PQ2_A_4945,1
2M33_A_11777,0
6O60_B_5287,0
3UNB_D_10845,0
1EL3_A_5942,1
7WT2_A_7841,1
6S8L_B_14307,1
3VW7_A_7852,1
1UR6_A_19231,0
7LAD_A_6576,1
3TJS_A_18307,1
5KXI_A_20500,0
4UY9_A_25523,1
5N3W_A_4885,1
3IBD_A_11442,1
1T2K_D_19875,0
1SQN_A_27424,1
7YAN_A_6773,0
4TPK_A_15592,1
3TJS_A_2876,1
3IBD_A_8789,1
2XRF_A_18103,0
3TJS_A_25911,1
1CI6_A_11199,0
5CJ6_A_15014,1
6FX0_A_17953,0
1CA3_A_3219,1
4D6T_H_14842,0
3PM0_A_20647,1
8Q61_A_8657,0
7ZZO_A_7586,1
3IBD_A_20664,1
3IBD_A_329,1
5WH6_A_20547,1
8OXV_A_4008,1
3GZC_A_11541,0
2BXR_A_14836,1
2HI4_A_27395,1
4DCH_A_7025,0
5MSC_A_19485,0
3TJS_A_8840,1
4DC2_A_12260,0
1PQ2_A_1851,1
2BXR_A_26955,1
3IBD_A_3483,1
1PBH_A_5519,1
6YAW_A_21519,1
2YRQ_A_25985,1
3W2E_A_17085,1
1ACB_E_2856,0
1RON_A_18027,0
4TPK_A_17489,1
5N6R_A_81,0
2QXG_A_1,0
2VXO_A_19737,0
3ECM_A_21530,0
1SQN_A_13263,0
3R1N_A_27416,0
2HI4_A_25808,1
3E4C_A_24494,0
5XIX_A_23086,0
1CA3_A_18123,1
3TJS_A_1311,1
1K6M_A_13831,0
6R3V_B_9108,0
7Q84_A_12738,0
1YUR_A_22637,1
6ASY_A_16110,0
1EXT_A_6587,0
5U03_A_2868,0
6XFQ_G_27256,0
3TJS_A_17634,1
3HQD_A_20821,1
5EE5_B_7340,0
3TJS_A_23210,1
3I2B_A_9100,0
3MA2_A_9569,0
3TJS_A_8270,1
4Y62_A_5865,0
5GL7_A_11733,0
2PQT_A_12381,1
6B2E_B_21803,1
1DQ8_A_15299,1
3NH4_A_25318,0
1R02_A_21962,1
1R9O_A_23936,1
3TJS_A_254,1
2VXO_A_5291,0
1CA3_A_3659,1
2ZZ0_A_9721,1
4QGK_A_6531,0
3BEJ_A_3936,0
5CJ6_A_7108,1
2COG_A_2954,0
4OE5_A_16472,0
1J3S_A_7945,1
1Q8G_A_13151,0
3TJS_A_20358,1
4D6U_D_13532,0
1CA3_A_4786,1
7BY1_A_15618,0
3PM0_A_13319,1
1R9O_A_78,1
3UNB_D_24999,0
2JEV_A_3873,0
1YB1_A_25944,0
1N4H_A_20094,0
1Q8G_A_10289,1
5VAD_A_19254,0
6CGC_A_22207,1
5WH6_A_26850,0
4QGK_A_278,0
7LAD_A_24298,1
4ZVV_A_11111,0
5NHG_A_7419,0
3PM0_A_4388,1
1PQ2_A_9433,1
4NQA_A_15611,1
4V24_A_12947,0
2HQU_A_12592,0
3I2B_A_2246,0
6GQ3_A_9200,1
2RJQ_A_3615,0
3R1N_A_8296,0
8FXS_A_18762,0
1CA3_A_3570,1
4Z32_A_25070,0
2JEV_A_25863,0
1BPX_A_7154,0
3DDU_A_13141,0
2I83_A_6977,0
1R9O_A_1244,1
4OE5_A_10338,0
8GK3_A_19555,1
1MVS_A_10470,1
1WMA_A_4532,1
5HK1_A_12882,1
4OLI_A_13425,0
5OQT_A_26204,1
8DAO_F_17599,1
1HT0_A_8718,1
6UP1_A_12550,0
3WYG_D_2482,1
1B6A_A_191,1
2I99_A_1715,0
2I47_A_17640,1
5MO4_A_11016,1
3TJS_A_12926,1
4ZEL_A_3258,0
1R9O_A_15964,1
6UP1_A_8930,1
2HI4_A_13772,1
6N2U_A_10810,0
2HI4_A_1112,1
3KXC_C_21517,1
4BB5_A_13239,0
4OE5_A_342,0
5MVZ_U_11775,0
3IIB_A_24115,0
4ZNE_A_3861,0
4XPB_A_20141,1
3PM0_A_17400,1
5MSC_A_19318,0
5BWA_B_22316,0
1R9O_A_24768,1
4XPB_A_12532,1
2HI4_A_1760,1
1MF8_B_26625,0
4CT4_B_14524,0
7LAD_A_12448,1
1PQ2_A_7256,1
11GS_A_2725,1
5B6M_A_27282,0
1OHV_A_21832,0
1PQ2_A_5207,1
3TJS_A_7081,1
1BUH_B_3425,0
1A2X_A_16740,0
1R9O_A_25040,1
3O96_A_25548,0
3TJS_A_12179,1
1PQ2_A_10588,1
8GOD_A_23504,1
4HU1_A_9594,0
1WMA_A_2314,0
1R9O_A_8241,1
1R9O_A_22053,1
4DC2_A_9307,1
5MVZ_U_8502,0
1HT0_A_13966,1
1HT0_A_23804,1
3TJS_A_131,1
1PBH_A_20304,1
4FL2_A_14912,0
4HT2_A_6181,1
1HSO_A_24197,1
8D3J_A_6153,1
7LAD_A_25866,0
1YB5_A_15564,0
3ICH_A_13157,0
1VZO_A_3169,0
1PQ2_A_17150,1
3THB_A_6405,1
1Q8G_A_20313,0
1B6C_B_8451,1
2B3X_A_13723,0
3HQD_A_12169,0
4QGK_A_18544,0
2QHM_A_15534,1
3N9Y_A_13854,1
6O60_B_25282,0
6SE3_A_16665,1
1HKB_A_16883,0
3OLD_A_4836,0
1ACB_E_16899,1
8GOD_A_20711,1
1PQ2_A_12958,1
4HU1_A_26096,1
2COG_A_23257,1
3PM0_A_13354,1
6IIE_A_24500,0
3O8Y_A_20699,0
6Q8Z_A_4666,0
4GRI_A_19256,0
1R9O_A_3655,1
1Z8D_A_2270,1
2HI4_A_4583,1
2HI4_A_8148,1
4TPK_A_8144,1
3ML5_A_518,0
1URL_A_7304,0
6KUW_A_22301,1
5XAF_E_5311,0
3TJS_A_16570,1
3O8Y_A_18129,0
6FX0_A_23157,1
3TJS_A_15331,1
3IBD_A_26205,1
2ZB2_A_22923,1
4A5T_S_25369,1
5WZO_A_10775,1
1B6C_B_22558,0
3R1N_A_6340,1
7Q84_A_12097,0
1C5G_A_13904,0
7LAD_A_10409,1
5WZO_A_9687,1
2KVU_A_10570,0
5GL7_A_12659,1
3IBD_A_396,1
2K4T_A_18089,0
7LAD_A_9353,1
3ECM_A_7090,0
1WSR_A_25511,1
5JNR_A_9440,0
5KXI_B_2914,1
1S3A_A_9642,1
2KS9_A_15547,0
3TJS_A_10384,1
2CZH_A_10415,0
4G8A_A_19651,1
8GRB_C_10387,0
6HPO_A_3084,1
1CA3_A_22334,1
5OMY_A_22249,1
1CA3_A_4191,1
1PBH_A_15387,1
4D6T_H_24696,0
5WKP_A_22777,1
3TJS_A_26932,1
6T13_A_2097,1
5B6M_A_27455,0
1CA3_A_24214,1
6V6Q_A_1761,0
2I99_A_8172,0
3TJS_A_7254,1
1R9O_A_11840,1
5OMY_A_12862,1
7Q84_A_12952,0
1R8Q_A_26114,1
4TPK_A_13638,1
1PQ2_A_17859,1
6G2N_A_7369,1
1X6V_A_26661,0
5CJ6_A_27259,1
3DDU_A_3955,0
3CMQ_A_5235,0
3TJS_A_14624,1
1Z8D_A_18632,0
3TJS_A_2598,1
2B39_A_3077,1
4EYC_A_14443,0
2N02_A_24280,0
1RJV_A_1139,0
1R9O_A_10530,1
2E2R_A_5062,0
1Q3M_A_7347,0
2OKJ_A_11014,0
4FV6_A_20663,1
3TJS_A_10523,1
1K7L_A_9071,1
4HU1_A_7989,0
6UP1_A_20436,1
5GMM_A_5350,1
2HI4_A_19505,1
3E4C_A_750,0
2ZB2_A_7631,1
3TJS_A_14669,1
1PQ2_A_19510,1
1HRJ_A_27290,1
1S3A_A_16010,0
1GRN_A_14054,0
1AII_A_8494,0
1EL3_A_8272,1
1MF8_B_9785,0
4TPK_A_26789,1
1LPA_B_13071,1
5MFA_A_4461,0
2F7E_E_12294,1
1R9O_A_14831,0
6LNM_A_13282,0
7LAD_A_22274,1
4QQC_A_8336,0
2B39_A_26419,0
1BDA_A_3592,1
1CB1_A_22954,0
2HQU_A_4001,0
4TPK_A_27300,0
6RPC_A_16325,1
8DAO_F_17036,0
3CKI_B_8570,0
6SUK_A_176,1
1PUB_A_25894,0
6HPO_A_12044,0
6B2E_B_22223,1
3DDU_A_18838,1
2HI4_A_8709,1
6P5M_A_4734,0
2JAM_A_605,0
1Q7L_A_13933,0
1Q7L_A_18316,0
3N9Y_A_17199,1
1KWP_A_19822,1
7LAD_A_19359,1
3WYG_D_17526,1
3TJS_A_14032,1
1DEH_A_15351,0
4CIZ_A_9591,0
3OQ5_A_15484,0
7RTG_A_9661,1
1PQ2_A_17053,1
6PQH_A_21684,0
2HRB_A_16534,0
1P4R_A_20498,0
3FBY_A_19417,0
1ZW5_A_24062,1
3TJS_A_16324,1
2Q5G_A_26296,0
1SQN_A_9544,1
1OAT_A_17429,0
6TUB_A_3265,0
8GRB_C_22717,1
3IBD_A_11316,1
1FUJ_A_18924,0
3DSL_A_14089,0
4BB5_A_8467,0
6KUW_A_6759,1
8HAX_A_3145,0
3TJS_A_324,0
7RTG_A_1584,1
6OP0_A_27378,1
6S8L_B_20639,0
5CJ6_A_1805,0
1R9O_A_4185,1
3UNB_D_7743,0
7LAD_A_10480,0
1C9Y_A_4348,1
7LAD_A_14110,1
1B6C_B_12208,0
2W4O_A_27067,0
3TJS_A_15321,1
1R9O_A_9337,1
4CQL_A_5882,0
5GMM_A_16774,1
3PM0_A_20390,1
2X0G_A_1705,1
5BWA_B_24413,0
1HT0_A_11964,1
3TJS_A_22469,1
5N6R_A_6092,0
3WYG_D_21745,1
4ZNE_A_5839,0
4AF3_A_1326,0
5M8Q_A_180,0
4FU4_A_8382,1
6OP0_A_21392,1
8B04_A_5902,1
1OKC_A_16129,0
1RXT_A_16921,0
1R9O_A_12350,1
2BXR_A_26617,1
7YAN_A_21944,1
1R79_A_16533,1
3TTI_A_21982,1
7MJC_A_4995,1
3TJS_A_26255,1
4ZA0_A_8496,0
1PQ2_A_18180,1
3P1M_A_25927,0
7ZZO_A_8125,1
3KXC_C_21925,0
1Z8D_A_1579,1
3IBD_A_21815,1
2MZE_A_436,1
8B7S_A_27089,0
1IL6_A_5390,0
3DDU_A_10325,0
5GMM_A_24207,1
3KQ0_A_21732,0
6KUW_A_5621,1
4C9G_A_24201,0
1I1N_A_8362,1
5WKP_A_15400,0
5WH6_A_18680,1
2HI4_A_12766,1
5GMM_A_22627,1
6PQH_A_26383,0
4HU1_A_15364,0
1AHW_C_12453,0
2HI4_A_22948,1
2E2R_A_6190,0
1ZNC_A_3341,1
1T27_A_23103,0
7LAD_A_7450,1
6WCV_A_13938,0
3IEI_A_8921,0
2BXR_A_15665,1
7YAN_A_24476,1
5MSC_A_25884,0
6RV2_A_12942,0
5VR8_A_3010,0
4UEX_A_23428,0
5N3W_A_21844,1
6PQH_A_805,0
1CA3_A_1283,1
1R9O_A_699,1
5TP0_A_2029,0
2L73_A_2211,0
4OE5_A_16649,0
4IP7_A_25529,1
3I2B_A_16528,1
8B04_A_20970,0
1DQ8_A_17387,1
7YAN_A_9588,1
3TJS_A_15777,1
5KXI_A_16400,1
1WVA_A_8119,0
2F7E_E_5498,1
1QAS_A_12505,0
1PQ2_A_471,1
5ITX_A_7001,0
1LPQ_A_21609,1
7RTG_A_9782,1
3TJS_A_18706,1
1R9O_A_16591,1
7LAD_A_9653,1
3IBD_A_22844,1
3IBD_A_13860,1
3TJS_A_26773,1
2LUC_A_22206,0
3TJS_A_12612,1
1OAT_A_3064,1
3TJS_A_21875,1
2MZE_A_4195,1
7YAN_A_3320,0
1OKC_A_7641,0
1UMY_A_12159,0
5WH6_A_21045,0
1WVA_A_23408,1
4D6T_H_11607,0
8DAO_F_7597,1
7EO9_A_8402,0
4OLI_A_24323,1
6PWZ_A_23403,1
1MVS_A_21845,1
4QGK_A_25036,0
3TJS_A_13567,1
1B6A_A_23059,0
5IFI_A_15154,0
3U9S_A_1020,0
7MLH_A_12648,1
1R9O_A_12910,1
2PQT_A_9776,0
6U3E_A_21557,1
2W6E_G_22482,0
7YAN_A_14230,1
4NDN_A_1773,0
3TJS_A_12491,1
2K4T_A_15616,0
1T2K_D_14026,0
3TJS_A_16073,1
3DLX_A_10840,0
5HK1_A_21721,1
4FL2_A_20282,1
1CA3_A_20830,0
2HI4_A_5438,1
4TPK_A_5531,0
2F7E_E_647,1
1BDA_A_25618,0
5OMY_A_23583,1
8HAX_A_11383,0
4MJO_A_21234,0
6HN3_A_12677,1
2C3N_A_3310,1
3SZA_A_23399,0
8GK3_A_21469,1
2HI4_A_2084,1
1R9O_A_351,1
1R9O_A_1969,1
1T09_A_25584,0
1HRJ_A_23586,0
7YAN_A_3022,0
1Q7L_A_3636,1
1PQ2_A_17189,1
6PWZ_A_26905,0
7SQM_A_14947,1
3TJS_A_15767,1
4TPK_A_17416,1
1CA3_A_12754,1
4QUV_A_22345,0
4MVD_A_4496,0
2RJP_A_10432,0
3MA2_A_25263,0
6KZB_A_2436,1
5IZQ_A_23223,0
2IIK_A_21771,0
1HH8_A_12048,0
6ZBV_A_6022,0
3TJS_A_10496,1
1CA3_A_23947,1
1R9O_A_24827,1
4AF3_A_10733,0
1II4_A_2939,0
1Z8D_A_27059,1
3SZA_A_5459,0
2HI4_A_11170,1
1R9O_A_8744,1
1WMA_A_13464,1
6O60_B_2901,0
6SW5_A_15317,0
1C9Y_A_24873,0
3IBD_A_19511,1
1YWH_A_9059,0
7Q84_A_2817,1
4OE5_A_18144,0
3VG9_A_10466,1
3TJS_A_4982,1
4BKE_A_2795,1
1L9X_A_17901,1
7YAN_A_15712,1
2REI_A_16041,0
1B6C_B_14813,0
3ML5_A_16292,1
8GK3_A_12099,1
3BOW_C_7805,0
5CJ6_A_14919,1
2QHM_A_26904,1
6CFO_A_7901,0
1L9X_A_1998,0
7LAD_A_8304,1
4MVD_A_21945,0
7X11_A_15932,1
3TJS_A_4899,1
1L9M_A_15173,0
5F0J_C_21428,0
7LAD_A_26396,1
1PQ2_A_6575,1
8GOD_A_1833,0
2BXR_A_21933,1
5B6M_A_25975,0
7LAD_A_4282,1
2Z7Q_A_8762,0
1R9O_A_15261,1
3VG9_A_5500,1
3CKI_B_12911,1
5WH6_A_22713,1
3N9Y_A_18496,1
1Z8D_A_12207,1
6UP1_A_16510,1
3TJS_A_20752,1
1Z8D_A_509,1
1UMY_A_5252,0
1Z8D_A_27322,1
6KUW_A_7128,1
1R9O_A_25712,1
4TPK_A_2911,1
1I1N_A_22801,0
5CJ6_A_8984,1
4K0V_A_9303,0
2F7E_E_8501,1
5UQS_A_6177,1
1Z8D_A_16748,1
1PQ2_A_18011,1
6RNK_A_13994,0
2PME_A_12396,0
6F34_A_24826,0
1HSO_A_4969,0
5VBU_A_16264,1
6EIX_A_11411,0
2K21_A_679,0
8DAO_F_24397,1
3ELP_A_19686,0
3ELO_A_25667,1
7YIV_A_13697,0
6GPS_A_11771,0
4ZVV_A_11965,0
1KWP_A_26702,1
1R9O_A_7831,1
1KFU_S_8832,0
3TJS_A_25830,1
1KWP_A_6872,1
4X2Q_A_17927,0
7YAN_A_24069,1
2RJQ_A_22152,0
7LAD_A_5362,0
6JKG_A_13241,0
1CA3_A_17840,1
4ZEL_A_20253,1
3ELP_A_18075,0
6X0S_A_1996,0
8ELC_A_20982,1
1PQ2_A_15069,1
2BXR_A_22003,0
2NA0_A_8790,0
1KZW_A_11648,0
3ICH_A_18175,0
6RPC_A_8155,0
1Z8D_A_20616,1
8FXS_A_4800,0
3TJS_A_11760,1
1R9O_A_1617,1
4UEX_A_23045,0
1S3A_A_13961,0
7YAN_A_13105,1
1RON_A_20777,0
1CA3_A_10759,1
7LAD_A_13110,1
7JXG_A_6839,0
1UMY_A_23140,0
2HI4_A_10998,1
2H63_A_20458,0
1R9O_A_19287,1
3TJS_A_2489,1
7YAN_A_14220,1
4BB5_A_9477,1
1CJC_A_1323,1
4XPB_A_27174,0
2F7E_E_16600,0
3I2B_A_20929,0
3RUK_A_24850,0
3PM0_A_13448,1
8GK3_A_106,1
1C9Y_A_23766,0
1R9O_A_26200,1
1T2K_D_3648,0
3TJS_A_6199,1
1Q3M_A_23919,1
2ON3_A_19971,1
3TJS_A_8711,1
8DAO_F_10794,0
1TUZ_A_21075,0
3TJS_A_4702,1
3TJS_A_16686,1
4O1L_A_4023,1
3N9Y_A_1788,0
8GOD_A_5602,1
1CA3_A_19764,1
4QGK_A_22531,0
4LIQ_E_26157,0
4GRI_A_15264,0
1S3A_A_8001,0
8BEM_A_26545,1
7UT0_A_22494,1
1B6A_A_11662,1
5WH6_A_18567,1
7YAN_A_9806,0
3IBD_A_166,1
7YAN_A_18502,0
3TJS_A_2794,1
1PCP_A_24924,1
1Z8D_A_14977,1
5WH6_A_18777,1
5VOD_L_21801,0
2F7E_E_18206,1
1KZW_A_13613,0
4AOH_A_13287,0
7LAD_A_27403,1
1KUV_A_9099,0
7YAN_A_23650,1
6KZB_A_25959,0
3TJS_A_12543,1
4Z32_A_26924,1
1HT0_A_20149,1
3TJS_A_8596,1
6O60_B_7040,1
3TJS_A_6826,1
4TPK_A_25300,1
6KUW_A_25016,0
2XE6_A_1784,1
2Q8F_A_17202,1
3TTI_A_14413,1
3TJS_A_22429,1
2LUC_A_14569,0
6LHM_A_16251,1
3OLD_A_27172,0
4AGC_A_21270,1
4YVV_A_4060,0
1KZW_A_4137,0
6AT5_A_13454,1
1NUP_A_24953,0
4TPK_A_10712,1
1R9O_A_14158,1
1Q3M_A_6846,0
6N2U_A_9281,1
3TJS_A_9165,1
3IBD_A_6655,1
1JVD_A_18657,0
2Q5G_A_17735,1
3IBD_A_8495,1
4CIZ_A_7034,0
3IBD_A_24957,1
1ZNC_A_4854,1
1FR8_A_2743,0
7YAN_A_22043,0
1N4H_A_6956,1
4GDX_A_10650,0
1CA3_A_15267,1
1KFU_S_2567,0
4GDX_A_26128,0
2HI4_A_9232,0
5GMM_A_2168,1
3IBD_A_23332,0
1KZW_A_17439,0
1WMA_A_6164,1
1CA3_A_11515,1
1PQ2_A_5479,1
2F7E_E_18040,1
3OLD_A_1445,1
6F34_A_10647,0
6CGC_A_8690,0
1MVS_A_21928,1
3GQY_A_17322,1
4FL2_A_3178,1
1PQ2_A_4881,1
4G8A_A_22673,0
1ZW5_A_2838,0
2QHM_A_5735,1
4C2X_A_14187,0
2ZB2_A_580,1
2M9G_A_23887,1
7YAN_A_16248,0
6Q89_A_16173,0
3IBD_A_22797,1
1R9O_A_16359,1
1DIA_A_5077,1
3TJS_A_6626,1
1Z8D_A_20728,0
6TOR_A_7608,1
3HI7_A_23654,0
1CB1_A_21330,0
6SE3_A_23362,1
3O55_A_17945,1
4HT2_A_3491,0
7LAD_A_5119,1
7LAD_A_17054,1
5FA6_A_2200,1
2JAM_A_27332,0
1EL3_A_14275,1
1LPQ_A_21464,1
1PQ2_A_26507,1
1R9O_A_9871,1
3OLD_A_2861,1
3TJS_A_14369,1
1PQ2_A_5297,1
3TJS_A_15212,1
1B3O_A_13264,1
2I47_A_23847,0
6F34_A_24806,1
1Z6X_A_1522,0
3WYG_D_27077,0
6YAW_A_12898,0
1ZNC_A_2105,0
1R9O_A_8672,1
2XX3_A_24671,1
5GMM_A_5664,0
4ZVV_A_2751,0
1R02_A_6036,0
2E2R_A_6799,1
2QHM_A_17570,1
2N52_A_2857,0
5ZNF_A_4852,0
1R9O_A_23474,0
6SE3_A_4718,1
6KZB_A_14663,0
5OMY_A_1767,1
1KUV_A_22362,0
4HT2_A_24518,0
5FA6_A_14065,1
5MFA_A_2824,0
3TJS_A_2360,1
4TPK_A_10050,1
6CER_B_20168,1
1PQ2_A_4721,1
2W6E_G_5667,1
3TJS_A_13334,1
1XW5_A_7898,0
5N86_A_11334,0
3GYL_B_3203,0
1C9Y_A_24848,0
3OE6_A_4768,1
6AGV_A_16266,0
2ZB2_A_23993,1
3CMQ_A_132,0
7LAD_A_11983,0
6PWZ_A_12680,1
4I4T_B_1163,1
1Z8D_A_15570,1
7LAD_A_15985,1
2HI4_A_25376,1
1KQN_A_20335,0
2CFH_A_26756,0
1KQN_A_18297,0
6KUW_A_21769,1
6XFQ_G_6228,0
3ELO_A_11082,1
6N2U_A_511,0
5M8Q_A_1756,1
6E5B_N_20097,0
2OL2_A_23971,0
8GK3_A_15110,1
3TJS_A_8530,1
1EE2_B_1129,0
3TJS_A_8048,1
4ERC_A_7609,0
3TJS_A_6123,1
3HQD_A_26043,1
6HPO_A_23539,1
2ZB2_A_8488,0
3TJS_A_17285,1
2QHM_A_26777,1
3IBD_A_6467,1
3R7G_A_6458,0
6PLF_A_3303,0
1HE2_A_11126,1
3N9Y_A_4116,0
6TUB_A_10734,0
3TJS_A_22860,1
1L9X_A_7077,0
1PQ2_A_365,1
2K21_A_14828,0
4LIQ_E_7238,0
1YB5_A_17660,0
2XRF_A_5660,0
2HI4_A_1037,1
3W2E_A_11432,0
3TJS_A_19618,1
3TJS_A_6832,1
5KNN_A_23114,0
1YUR_A_2632,1
3TJS_A_27435,0
2HI4_A_12284,1
1BPX_A_1375,1
5N3W_A_21489,1
1WVA_A_17542,1
4A5T_S_7657,0
1PQ2_A_13671,1
2RJP_A_12472,0
5B6M_A_22361,0
2RJP_A_25046,0
3CKI_B_10127,0
4QGK_A_6958,0
7LAD_A_11009,1
8HAX_A_6974,0
1KAO_A_9058,0
6SE3_A_22151,1
2BXR_A_13077,0
3TJS_A_475,1
6SW5_A_5874,1
2HI4_A_5314,1
6GPS_A_26127,0
3ECM_A_9444,0
2B3X_A_13714,0
1LPQ_A_15244,0
4Y62_A_26691,1
2R37_A_7525,0
7LAD_A_19158,1
5B6M_A_369,1
1OLM_A_26787,0
3N9Y_A_17814,1
3TJS_A_9735,1
3TJS_A_21615,1
1K6M_A_10458,1
1PQ2_A_8685,1
1LPQ_A_18525,0
2REI_A_6350,1
1BPX_A_9355,0
1PQ2_A_23293,1
1Q7L_A_20579,0
1L9M_A_4668,0
1K7L_A_26731,0
7LAD_A_17886,1
3KLR_A_21702,0
1BPX_A_8899,1
6G2N_A_7011,0
6ASY_A_15012,0
8GK3_A_24517,1
3TJS_A_16762,1
1CA3_A_7503,1
3O8Y_A_20767,1
6RNK_A_11233,0
1XW5_A_13336,0
1UMY_A_720,0
2R37_A_19478,0
6GPS_A_9406,0
4J15_A_4284,0
3TJS_A_8078,1
1RML_A_14888,1
2JEV_A_19745,0
1B3O_A_24599,1
2GER_A_8474,0
3TJS_A_16026,1
1B6A_A_8025,0
11GS_A_25252,0
4TPK_A_14726,1
5OMY_A_11639,0
3GYL_B_8398,0
4QQC_A_1983,0
1R9O_A_7486,1
8B04_A_640,1
7LAD_A_450,1
3O8Y_A_2268,0
4Q95_A_3253,0
1HT0_A_2710,1
4Y62_A_10219,1
2ZB2_A_11487,0
6CFO_A_15626,1
2XX3_A_24797,0
3IBD_A_279,1
1BDA_A_10621,1
3TJS_A_20287,1
6AGV_A_21493,0
3TJS_A_5118,1
2KS9_A_22646,0
4FL2_A_912,1
7YAN_A_26086,1
3WYG_D_18313,1
5M8Q_A_15208,1
1ZNC_A_26346,0
1YUR_A_12933,0
3IBD_A_22390,1
6G6W_A_22191,0
2O05_A_8163,1
3IBD_A_22611,1
4TPK_A_26177,1
1EL3_A_7227,1
1AHW_C_23875,0
4EYC_A_11049,0
3TTI_A_3646,0
1LPA_B_19319,0
7LAD_A_20050,1
4O0C_A_11718,0
2LCK_A_24451,0
3TJS_A_22602,1
1B6A_A_1076,0
8GOD_A_10865,0
5N6R_A_2344,1
2AVD_A_22189,0
3TJS_A_20519,1
3TJS_A_5420,1
5LJB_A_17727,1
1W6U_A_12344,1
2HI4_A_14560,1
2VWU_A_1834,1
5OMY_A_17916,0
4GRI_A_7562,0
2HQU_A_8425,1
3TJS_A_4007,1
2VCQ_A_23959,0
3TJS_A_26024,1
4DC2_A_4829,0
8FXS_A_19837,0
1PQ2_A_1386,1
3TJS_A_22231,1
3IBD_A_6534,1
7EAT_A_10434,0
2HI4_A_11770,1
3C49_A_19519,0
1KQN_A_9349,0
1PQ2_A_15105,1
5MO4_A_5950,0
4AF3_A_22679,0
1B6A_A_21355,1
2HI4_A_24080,1
3ZYQ_A_26757,1
5MFA_A_4695,0
4Y62_A_20079,1
3KLR_A_5701,0
7YAN_A_24458,1
4MJO_A_21328,1
2XRF_A_24353,1
1Z8D_A_21377,1
4IP7_A_3925,1
1PQ2_A_20063,1
1MF8_B_12306,0
6V6Q_A_21715,0
5KXI_B_11615,1
3VW7_A_8897,0
1YXM_A_22371,0
5MSC_A_23463,0
2P31_A_8510,0
3TJS_A_9741,1
8DAO_F_22102,1
6KUW_A_26879,0
2NPP_B_1808,0
4IP7_A_2439,1
1R8Q_A_1166,0
1R9O_A_14790,0
1R9O_A_1850,1
5XAF_E_17849,0
3BUR_A_15275,1
3IBD_A_18227,1
5JK7_D_10400,0
3IBD_A_13584,1
4XPB_A_17587,1
2NPP_B_4956,0
6SUK_A_15403,1
4O1L_A_15251,1
6FWU_A_25486,0
8GOD_A_1633,0
1HT0_A_20534,1
3TJS_A_22351,1
1HSO_A_1814,1
5KXI_B_6431,0
3TJS_A_15853,1
3IBD_A_26283,0
3ZOB_A_16684,0
1WMA_A_24059,0
7YAN_A_14893,0
3GZC_A_19021,0
5CJ6_A_17556,1
8AXC_A_15495,1
1WXA_A_3497,0
1KZW_A_26696,0
3WYG_D_20660,1
1R9O_A_2472,1
2N02_A_7519,1
4E5Y_A_9647,0
8D3J_A_23646,0
6BRJ_A_10237,1
1HT0_A_5285,1
5MFA_A_1993,1
1P4R_A_15189,0
7PK0_A_26414,0
5GL7_A_19867,0
1FGG_A_21708,0
1CA3_A_10546,0
8BEM_A_21876,0
1R79_A_25717,0
3IBD_A_15779,1
1Z8D_A_15341,1
3N9Y_A_12721,0
8B7S_A_2364,1
2PID_A_6085,0
6KUW_A_17012,1
3R1N_A_6326,1
3TJS_A_835,1
1YWH_A_8925,1
3TTI_A_8727,1
2HI4_A_4507,1
2DYB_A_1462,0
6RV2_A_19385,0
4LIQ_E_22773,1
6CFO_A_18910,0
2CW6_A_16135,1
7YAN_A_9227,1
3IBD_A_20889,1
3TJS_A_11575,1
3TJS_A_9672,1
6X0S_A_21786,0
1F6W_A_12579,1
4TPK_A_4819,1
3TJS_A_22097,1
7SQM_A_3898,0
2F7E_E_8753,0
3TJS_A_16189,1
5MVZ_U_3934,0
4EYC_A_21809,0
4A5T_S_13029,1
7LAD_A_1509,1
1KWP_A_25441,1
4ZEL_A_2031,0
4D6Z_A_21726,0
3TJS_A_10073,1
6JKG_A_24333,0
1CA3_A_8781,0
7LAD_A_6693,1
1PQ2_A_13476,1
4A5T_S_12237,0
2OL2_A_25303,0
3IIB_A_10126,1
7LAD_A_23552,1
5CJ6_A_8297,1
3Q18_A_5767,0
3O4R_A_16545,0
3KLR_A_4700,0
5N6R_A_4222,0
5MO4_A_9747,0
1P4R_A_12251,1
6P5M_A_27407,0
7PK0_A_17426,0
5WH6_A_7398,1
6RPC_A_9834,1
7LAD_A_4877,0
7JTN_A_15399,0
6SW5_A_20631,0
6U3E_A_26307,0
1R9O_A_25562,1
5CJ6_A_2066,1
2LCK_A_11117,0
3C0Y_A_20305,0
1YZG_A_23882,1
3IBD_A_199,1
5N86_A_5511,0
1R9O_A_876,1
4Y62_A_22765,1
1PBH_A_23855,0
8BEM_A_1167,0
3HQD_A_1594,0
5BWA_B_2536,0
4XPB_A_1324,1
3IIB_A_21565,0
3TJS_A_9185,1
3IBD_A_1237,1
1HE2_A_7218,0
1R9O_A_17479,1
7PK0_A_16919,0
6P5M_A_9325,0
5EK2_A_6535,0
7YAN_A_25239,1
6KZB_A_16427,0
1EL3_A_13155,1
4YVV_A_2310,0
6KUW_A_12084,1
6F34_A_27023,0
5MFA_A_5557,1
2COG_A_12616,1
6AGV_A_5832,0
6NT2_A_23569,1
1ZNC_A_23155,1
1IWE_A_16419,0
3TJS_A_22970,1
7YAN_A_14668,1
1R9O_A_16268,1
1EE2_B_12271,0
1SQN_A_6057,1
7Q84_A_26547,0
4BB5_A_22913,1
3WYG_D_12032,1
4UY9_A_25589,0
2GER_A_21332,0
4ERC_A_11189,0
7PK0_A_3478,0
2F7E_E_4040,1
5CJ6_A_6529,0
2H2N_A_2018,1
2QHM_A_15263,1
5CJ6_A_8275,1
1VZO_A_20914,0
2H2N_A_9138,0
8GK3_A_3268,1
2JEV_A_9798,0
1PCP_A_21180,0
4FL2_A_15377,1
6ZBV_A_12288,1
6BRJ_A_832,0
5UAN_B_13568,1
2B3X_A_7310,0
1ZRH_A_5222,0
3WYG_D_17690,1
2HI4_A_21544,1
1R9O_A_26579,1
1N4H_A_14219,0
5GMM_A_4248,1
4J15_A_12110,0
4E5Y_A_6667,0
1DQ8_A_21417,1
1PQ2_A_17536,1
1RJV_A_20814,0
6GPS_A_21393,0
1OAT_A_19083,0
3WYG_D_6370,1
3TJS_A_22720,1
3IBD_A_22850,1
2OKK_A_1893,0
2HQU_A_18962,0
5VR8_A_8830,0
6G6W_A_21608,0
5M8Q_A_19592,1
4XPB_A_5010,1
4XPB_A_1391,0
1NE7_A_22258,0
1KAO_A_10054,0
4XPB_A_26427,1
1R9O_A_18423,1
6V6Q_A_24460,1
1EAZ_A_12147,0
3TJS_A_10587,1
2HI4_A_25513,1
7YAN_A_13537,1
6G2N_A_27143,0
1OAT_A_16304,0
7RTG_A_14806,0
5GMM_A_3622,1
4P5W_A_23452,0
3CKI_B_27084,0
3IBD_A_17208,1
1R8Q_A_10597,1
5VR8_A_21275,0
7RTG_A_3063,1
2VXO_A_4180,1
7QGM_A_9278,0
4YC6_A_3499,1
7LAD_A_19844,1
4D6U_D_20489,1
6FY4_A_11929,0
3IBD_A_6930,1
7LAD_A_25439,1
6FX0_A_11059,0
7ELX_H_14140,0
1R9O_A_7112,1
4TPK_A_10465,1
5JLH_F_18959,1
2F7E_E_4230,1
4V24_A_21862,0
3PM0_A_24988,1
3J94_A_10182,1
1A2X_A_13742,0
2COG_A_425,0
1CA3_A_24641,1
3ANQ_A_144,0
1PCN_A_16269,1
3TJS_A_146,1
6AGV_A_15910,0
3HI7_A_4164,0
3IEI_A_18553,0
1PQ2_A_26250,1
1Z8D_A_1394,1
3PM0_A_4223,1
3RZL_A_2485,0
7YAN_A_21798,1
4AGC_A_17484,0
6TUB_A_7816,1
3ECM_A_24398,1
1Q3M_A_12529,0
2RJQ_A_5583,0
1M6D_A_18058,1
6OB6_A_26341,1
4K0V_A_4640,0
1PQ2_A_6237,1
3BUR_A_7747,0
4YC6_A_23797,1
3TJS_A_585,1
2HI4_A_22977,0
1RON_A_8099,0
5OQT_A_12366,0
6AT5_A_19086,0
1R9O_A_15940,1
1YZG_A_14147,0
1GRN_A_10396,0
6FWU_A_15135,0
4XPB_A_26442,1
2HI4_A_10971,1
4ZNE_A_24343,0
1PQ2_A_21994,1
6SW5_A_8499,0
1OE9_B_6376,0
2JEV_A_11449,0
4QGK_A_1289,0
1IL6_A_15870,1
1PQ2_A_2413,1
7Q84_A_9339,0
1CA3_A_4701,1
5M8Q_A_4801,0
2W6E_A_23129,1
4NDN_A_4187,0
1ZBQ_A_18352,1
5UQS_A_19921,0
1VZO_A_23677,0
1R9O_A_9078,1
1R9O_A_6427,1
1PBH_A_9091,1
2ZZ0_A_18877,1
4TPK_A_25709,1
7JTN_A_17155,0
3TJS_A_12864,1
6OP0_A_8842,1
7LAD_A_22619,1
5IZQ_A_21852,0
1RJV_A_22166,1
6TOR_A_14446,1
1R9O_A_24531,1
6SE3_A_460,0
5MFA_A_2531,1
1R9O_A_13573,1
4TPK_A_24643,1
1LPQ_A_21926,1
3TTI_A_17676,1
2HI4_A_26398,1
2HI4_A_22171,1
3KQ0_A_23130,0
5IEG_A_24358,1
2C9Y_A_1502,0
1WMA_A_26464,1
3UNB_D_18772,1
6NT2_A_16052,0
1AII_A_12220,0
6X0S_A_3900,1
4NDN_A_26603,1
2F7E_E_26170,1
2P31_A_21535,0
7Q84_A_15348,0
2QHM_A_16729,1
3TJS_A_9513,1
3IIB_A_16840,0
8GOD_A_7930,0
3O8Y_A_13717,1
1I1N_A_21540,0
7KUV_A_13719,0
3IBD_A_17627,1
2HI4_A_15260,1
6RV2_A_18098,0
3TJS_A_11945,1
3GQY_A_15959,0
2HI4_A_4523,1
6QMR_A_15639,0
6O60_B_189,0
1HE2_A_7614,1
7LAD_A_23098,1
1ACB_E_24289,0
1R9O_A_760,1
4MJO_A_19222,1
6KUW_A_26567,1
3WYG_D_19486,0
5MO4_A_22338,0
6R3V_B_17826,1
2HI4_A_19248,1
1GRN_A_23479,0
3CMQ_A_22545,0
3IBD_A_14634,1
1R9O_A_16801,1
6OAU_A_99,0
6SW5_A_23690,0
3WYG_D_2151,1
1MF8_B_921,0
4FV6_A_21118,1
1M6D_A_21584,0
2QHM_A_914,1
1X9D_A_10720,1
1AII_A_10158,1
5VR8_A_2683,1
3NH4_A_24965,0
3TJS_A_1104,1
8GK3_A_26846,1
1WVA_A_13406,1
5LJB_A_23478,0
5E13_A_9068,0
3FBY_A_24042,0
2HI4_A_15,1
1OHV_A_6920,1
4ZVV_A_15660,0
4TPK_A_20448,1
4HWT_A_27097,0
7BY1_A_13312,0
6PWZ_A_27,0
1B6A_A_19305,1
4XPB_A_27298,1
4K0V_A_25379,1
3IEI_A_14626,1
5UE2_A_27184,0
1X6V_A_23765,0
2CW6_A_14180,0
2W6E_D_6056,1
2Q32_A_11697,1
1IL6_A_16111,0
2BXR_A_12751,1
6G2N_A_4051,0
5GMM_A_3693,1
1F0Y_A_2008,1
1NUP_A_25752,1
6R3V_B_2555,0
1PQ2_A_6155,1
5MO4_A_13240,1
1RXT_A_20819,0
6CFO_A_24793,0
1R9O_A_7637,1
4K0V_A_3691,0
2ZB2_A_10439,1
3F3Y_A_2761,1
3TJS_A_2356,1
5IEG_A_10643,0
3TJS_A_5744,1
3ML5_A_21420,0
1ZW5_A_7616,1
1J3S_A_2082,0
6LHM_A_19269,0
5LA4_A_22645,0
3CMQ_A_15378,0
1II4_A_11990,1
3KLR_A_17889,0
3C3U_A_12213,0
7LAD_A_24771,0
3C3U_A_26682,0
1MVS_A_3731,1
2C9Y_A_9956,0
6HPO_A_16098,1
1PCN_A_12895,0
3GC8_A_15654,0
2I83_A_21376,0
5BWA_B_15849,0
2W6E_D_9164,0
1YB1_A_11246,0
3TJS_A_18713,1
7YIV_A_15486,1
1X6V_A_13202,0
7RTG_A_19965,0
2F7E_E_18324,0
2H2N_A_16307,0
3CMQ_A_13351,1
1CA3_A_3356,1
7YAN_A_19970,0
3IBD_A_17641,1
1BUH_B_24691,0
1RML_A_17310,0
2W6E_A_5304,1
1JO6_A_5785,0
1R9O_A_16429,1
3ELO_A_25183,0
5JNR_A_25372,1
3TJS_A_2640,1
3TJS_A_5477,1
3TJS_A_15551,1
3N9Y_A_22356,1
3ECM_A_13471,1
3TJS_A_17477,1
7LAD_A_24993,1
2K4T_A_4445,0
6KUW_A_13073,0
8FXS_A_26821,1
3TJS_A_17255,1
2HI4_A_19472,1
1OHV_A_19436,1
5GMM_A_24251,1
2L0P_A_847,0
1R9O_A_23149,1
2HI4_A_9655,1
2F7E_E_24388,1
2Q5G_A_4545,1
1WVA_A_6148,0
2YXT_A_4227,0
3ANQ_A_10298,0
3I6W_A_16198,0
1ACB_E_20972,0
5UQS_A_18409,1
1EL3_A_13571,1
5GMM_A_4491,1
2F7E_E_12674,1
8GK3_A_17786,1
1R9O_A_11616,1
3TJS_A_25468,1
2H2N_A_25043,0
3IBD_A_11893,1
6TUB_A_14182,0
3TJS_A_22873,1
1KUV_A_22029,0
1A27_A_27260,0
7LAD_A_8343,1
1JXV_A_10679,1
3TJS_A_26325,1
3PM0_A_14547,0
6UP1_A_26462,1
1KZW_A_25664,0
7YAN_A_1367,1
3OLD_A_2935,1
3ELP_A_1043,0
2GER_A_18449,0
3O8Y_A_12378,1
1AII_A_5288,0
1R9O_A_23283,1
1ZNC_A_9645,1
7YAN_A_11905,1
5MO4_A_21477,1
2K21_A_22956,0
1ZNC_A_2059,0
1RML_A_19360,0
3TJS_A_7868,1
7YAN_A_25624,1
1JHB_A_5377,0
1PQ2_A_13296,1
5OQT_A_11573,0
1LPQ_A_9663,1
1AGN_A_7482,0
11GS_A_8247,1
6E5B_K_25129,0
2H63_A_14452,1
4Y62_A_12074,0
8HAX_A_11864,0
3TJS_A_13660,1
1DQ8_A_15567,1
2XRF_A_22617,0
8B04_A_13010,1
7Q84_A_168,0
2DW0_A_22144,0
1BWX_A_23308,1
7LAD_A_6393,1
5WH6_A_17664,1
3O8Y_A_27286,1
1RJV_A_27318,0
1CA3_A_20058,1
3TJS_A_14370,1
1OAT_A_8253,1
1KZW_A_23863,0
5N3W_A_21425,1
1R9O_A_9385,1
1HT0_A_25215,1
1YWH_A_18493,0
1IS7_A_4964,0
4TPK_A_21673,1
2HI4_A_3750,1
2F7E_E_3801,0
6EHA_A_24856,1
5IZQ_A_16671,0
1R9O_A_19364,1
3R7G_A_2338,1
1PQ2_A_8774,1
3TJS_A_23746,1
3HQD_A_15362,1
1EAZ_A_25517,0
2ZB2_A_24528,1
2H2N_A_14453,0
1VZO_A_23530,0
3TJS_A_8750,1
3GQY_A_24937,1
7RTG_A_8713,1
3TJS_A_2894,1
2HI4_A_7383,1
1R9O_A_10300,1
2PME_A_13115,0
1XW5_A_24609,0
8BBK_A_433,0
5ZNF_A_21253,0
7ZZO_A_14005,0
6RV2_A_6184,1
3HQD_A_22096,1
7LAD_A_18118,1
2I47_A_19603,0
6GQ3_A_19903,0
3K6S_B_19278,0
3IBD_A_23675,1
1PQ2_A_10983,1
4HU1_A_12481,0
8GK3_A_4674,1
5G3N_A_26839,0
3TJS_A_9362,1
1MVS_A_21359,1
4BB5_A_10696,0
1R9O_A_12876,1
6V6Q_A_16494,0
4HT2_A_2676,0
6JKG_A_25836,1
1IL6_A_12513,0
5JK7_D_10763,0
5G3N_A_2382,0
3IBD_A_15605,1
1R9O_A_22791,1
7E1T_A_1745,0
3F3Y_A_25141,1
3IBD_A_9106,1
3N9Y_A_2696,1
1R8Q_A_4934,1
6YAW_A_14024,1
1XW5_A_19967,1
1XW5_A_6189,1
3OFM_A_13375,0
1NE7_A_25135,0
1NE7_A_20588,1
1K6M_A_1710,0
1R02_A_8661,0
1EL3_A_25594,1
3N9Y_A_22398,1
8FXS_A_19107,0
1V95_A_7120,0
5TP0_A_21498,0
1IS7_A_26844,0
2W6E_A_14528,0
1B6A_A_24187,1
5XAF_E_6451,0
7BY1_A_5681,0
1CA3_A_15741,1
2E56_A_8068,0
1RY7_B_13280,0
1AHW_C_18638,0
5WKP_A_6857,0
1PQ2_A_16244,1
1CA3_A_13374,1
6TOR_A_4308,0
7YAN_A_26555,1
8GK3_A_7180,1
1B3O_A_13807,1
2OKK_A_820,0
7LAD_A_6061,1
1PBH_A_2620,1
1Z8D_A_26916,1
3UNB_D_22181,0
3TTI_A_14841,0
7LAD_A_3189,1
2M9G_A_8042,0
7LAD_A_3809,1
1ZNC_A_3378,1
3PM0_A_15447,1
3OE6_A_16944,0
3TJS_A_15945,1
1HT0_A_11799,1
4K0V_A_21865,0
3HQD_A_18294,1
4K0V_A_5795,0
3TTI_A_8429,0
4YVV_A_3799,0
4DCH_A_2409,1
6SW5_A_24406,0
3WYG_D_13850,0
4UYB_A_5490,1
5WKP_A_26364,0
1GRN_A_12308,0
6PWZ_A_5610,0
5HK1_A_26385,1
1R9O_A_10362,1
2JEV_A_4031,1
6KUW_A_25056,1
3F3Y_A_15619,1
3TJS_A_18809,1
7LAD_A_5955,1
6KUW_A_20317,1
4FU4_A_18348,1
6AGV_A_25754,0
4ZVV_A_4900,1
1PCP_A_4488,0
5U03_A_2989,0
7RTG_A_15793,1
5KXI_B_9538,0
2HI4_A_7784,1
4NDN_A_1638,0
4UEX_A_22831,0
4CQL_A_14965,0
5HK1_A_5612,0
1RML_A_2882,1
5FA6_A_21358,0
3BEJ_A_10688,0
4XPB_A_3030,1
7RTG_A_27136,1
4BB5_A_10740,1
3IBD_A_14637,1
6SUK_A_20632,1
7ZZO_A_18930,0
1IWE_A_20881,1
1R9O_A_9434,1
3TJS_A_22666,1
3O8Y_A_5401,1
1BWX_A_13896,0
8BBK_A_3883,0
5CJ6_A_10260,1
1EL3_A_24403,1
2XSX_A_22576,1
3IBD_A_20014,1
7YIV_A_22533,0
2F7E_E_24700,1
2BXR_A_11025,1
2H2N_A_9125,0
2YXT_A_11472,1
7LAD_A_14199,1
7LAD_A_7413,1
1PQ2_A_7158,1
1Z8D_A_18373,1
7LAD_A_5296,1
1K7L_A_2863,1
3E4C_A_23184,1
1R9O_A_16192,1
6EIX_A_8791,1
3TJS_A_245,1
7LAD_A_3998,1
5TP0_A_15148,1
7YAN_A_23515,0
1CA3_A_21278,1
4AGC_A_6827,0
1NUP_A_942,1
1AHW_C_11782,0
2HI4_A_21572,1
2HI4_A_15568,1
1X9D_A_2928,0
2HI4_A_22589,1
5WZO_A_2078,1
1EL3_A_2673,1
3C49_A_24396,1
4TPK_A_21566,1
7LAD_A_12852,1
3TJS_A_25339,1
7PK0_A_16655,0
1RML_A_15927,1
5ZNF_A_2468,0
2K4T_A_3193,0
7LAD_A_6709,1
6WCV_B_20619,0
7RTG_A_1149,1
1R9O_A_9580,1
3IBD_A_14258,1
6CZ3_A_6771,0
3TJS_A_15828,1
2MZE_A_15505,0
2YXT_A_3868,1
3IBD_A_27198,1
3TJS_A_7955,1
2BXR_A_15138,1
4ERC_A_1963,0
3CKI_B_16044,0
1NE7_A_9311,0
6PWZ_A_18394,1
6GQ3_A_7279,1
4ERC_A_4925,0
1II4_A_26475,0
3IBD_A_15607,1
4O0C_A_10265,0
2L73_A_17967,0
2RJP_A_5019,0
3C0Y_A_23013,0
1LPA_B_1849,0
2GER_A_21259,0
3O8Y_A_5841,1
5CJ6_A_21800,1
4GRW_B_24009,0
7YAN_A_20569,1
3O8Y_A_3651,0
6O60_B_11887,0
6KUW_A_26078,1
3APU_A_11045,0
1PUB_A_5654,1
1RJV_A_12702,0
7RTG_A_12997,1
3R7G_A_9500,0
2AM3_A_21869,1
2VCQ_A_5748,0
6UP1_A_21313,0
2HI4_A_10828,1
2HI4_A_6927,1
3TJS_A_19804,1
4TTB_A_21730,0
4HU1_A_5308,0
7PK0_A_9480,0
4HWT_A_17893,0
6EIX_A_16022,0
4DC2_A_15722,1
4A5T_S_14071,0
5CJ6_A_26201,1
6YAW_A_8200,0
4D6T_H_21749,1
2Q5G_A_14281,1
5KZW_A_25621,1
1SQN_A_21276,1
8Q61_A_17957,0
4AGC_A_4902,0
1R9O_A_16056,1
1APS_A_14126,0
3NH4_A_1900,0
4ERC_A_12435,0
4XEM_A_22687,1
3TJS_A_18285,1
7WT2_A_22393,1
8GRB_C_10681,0
1MF8_B_8,0
3JUB_A_2815,0
1APS_A_2243,0
1RY7_B_8533,1
1H4O_A_23805,0
3TJS_A_19820,1
1R9O_A_21341,0
1Z8D_A_14865,1
7LAD_A_14850,1
3E2Y_A_9250,0
3TJS_A_170,1
1CA3_A_8994,1
1PCN_A_3036,0
1HH8_A_12901,0
5MVZ_U_13382,0
1MVS_A_21735,0
1P4R_A_25729,0
5CJ6_A_27088,1
4WLJ_A_4851,1
4FV6_A_25159,1
7YAN_A_23548,1
5U03_A_12690,0
3IBD_A_25735,1
5XIX_A_7312,1
6BRJ_A_16467,0
2BXR_A_3279,1
4TPK_A_5712,1
7PK0_A_10125,0
1FR8_A_22279,0
3RUK_A_10029,1
2F7E_E_3307,0
6OP0_A_10059,0
6PLF_A_17604,1
11GS_A_6043,1
4QQC_A_10388,0
1PQ2_A_893,1
6WCV_A_1403,0
3TJS_A_11653,1
5WH6_A_11539,0
4QQC_A_19740,0
3IBD_A_26321,1
1DEH_A_4957,1
3TJS_A_21108,1
6T41_A_16426,1
1YZG_A_438,0
5BWA_B_6984,0
1EL3_A_5061,1
1II4_A_16117,1
6GQ3_A_15120,0
6G2N_A_13189,0
1HE2_A_16036,1
4MJO_A_16256,1
1KUV_A_9109,1
2XRF_A_8421,0
3TJS_A_18104,1
6NT2_A_4077,0
1OLM_A_1817,0
6KUW_A_19459,1
1JXV_A_16746,1
2BXR_A_18403,1
3ZOB_A_9904,0
3TJS_A_11043,1
4C2X_A_20262,0
6TOR_A_14475,0
8HAX_A_13864,0
3NH4_A_17357,1
7LAD_A_24322,1
3TJS_A_207,1
2XX3_A_14874,1
7YAN_A_9958,1
7YAN_A_24167,1
3TJS_A_17240,1
3APU_A_10722,0
5N3W_A_17898,1
2HI4_A_26490,1
1WMA_A_24810,0
1HE2_A_1193,1
7RTG_A_19852,0
1R9O_A_19217,1
2DYB_A_11161,0
3PM0_A_24263,1
6N2U_A_25794,0
7LAD_A_4456,1
6KZB_A_17174,0
1B6C_B_13143,1
2VWU_A_18081,1
2F7E_E_13095,1
4FL2_A_10144,0
3ELP_A_10380,0
6B2E_B_1438,0
6FX0_A_20562,1
3PM0_A_11859,1
4DA5_A_23330,0
3IBD_A_22556,1
3RUK_A_7222,1
1Z8D_A_25454,1
3TJS_A_14252,1
4BB5_A_10327,1
5WH6_A_23077,0
2GER_A_15434,0
7BR3_A_4828,1
5ZNF_A_8873,0
2W6E_G_1551,0
5JK7_D_19687,1
2ON3_A_17829,0
7LAD_A_17302,1
1K7L_A_18092,1
3O96_A_13094,0
3TJS_A_15517,1
6PLF_A_25374,0
1Z8D_A_7853,1
1MF8_B_7283,0
4Y62_A_25006,0
3MTL_A_2980,0
3OFM_A_14796,0
1CA3_A_13574,1
1NE7_A_18811,0
1HE2_A_23833,0
4TPK_A_9947,1
3TJS_A_24720,1
4Y62_A_19673,1
3ZOB_A_796,0
5ITX_A_18200,0
1PQ2_A_822,1
7YAN_A_3344,1
3TJS_A_23562,1
2L73_A_19934,0
2NA0_A_6330,0
1R9O_A_12812,1
5KXI_B_8443,1
2HI4_A_9476,1
6U3E_A_421,0
1R02_A_8107,0
6AGV_A_21613,0
4E5Y_A_4817,0
6FX0_A_4202,1
3TJS_A_5312,1
6OB6_A_24899,0
5LHD_A_9257,1
1T2K_D_10559,0
2N02_A_22991,1
1R9O_A_16477,1
6FX0_A_1826,0
6SW5_A_7869,0
3TJS_A_7531,1
6RPC_A_4076,0
4TPK_A_27122,1
6PWZ_A_14647,0
1TG6_A_16648,1
6EHA_A_5830,0
7WT2_A_1241,1
3GQY_A_2269,0
4QGK_A_23078,0
2E2R_A_11028,1
4UHW_A_20229,1
5FA6_A_6141,0
6KZB_A_7260,0
1R9O_A_13798,1
6G6W_A_8438,0
5DYH_A_9483,0
4EC8_A_13096,0
5BWA_B_8371,0
3DSL_A_2301,1
2BXR_A_25304,1
2F7E_E_25816,1
4BB5_A_21588,1
4FV6_A_21141,0
2KS9_A_8947,0
7LAD_A_7699,1
7YAN_A_19637,1
2LCK_A_2274,0
1PQ2_A_20520,1
4ZVV_A_291,1
2HI4_A_7477,1
1CB1_A_12846,0
4FV6_A_9802,0
2B3X_A_20484,0
3B6R_A_22395,0
3DDU_A_7418,0
5HK1_A_455,1
6CFO_A_19704,0
1R9O_A_13277,1
1CA3_A_18916,1
3HI7_A_2516,1
6UP1_A_7415,0
6QMR_A_13616,0
4XPB_A_23973,1
5HK1_A_15734,0
5N3W_A_2657,0
3O8Y_A_16168,1
1EE2_B_21686,0
3TJS_A_21538,0
3DDU_A_5357,1
5XAF_E_20017,0
8B04_A_12727,1
2HI4_A_840,1
1R9O_A_4787,1
8GK3_A_5034,1
1B3O_A_18402,1
1PBH_A_25324,0
3IIB_A_15397,0
6TUB_A_22763,0
7LAD_A_23416,1
3TJS_A_17578,1
2HI4_A_17665,1
4CQL_A_14167,0
6O60_B_23628,1
4FV6_A_14076,0
2JAJ_A_16942,0
4AOH_A_10599,0
2HI4_A_1359,1
3ICH_A_23363,0
6SUK_A_3211,1
1X6V_A_6478,1
1CA3_A_19032,1
5CJ6_A_13307,1
4AF3_D_18671,0
7LAD_A_13427,1
4ZNE_A_6374,1
1CA3_A_11701,1
3RUK_A_26017,1
5MFA_A_752,1
2ON3_A_18900,1
6SE3_A_13114,0
2JAJ_A_6791,0
1WVA_A_3786,1
4CT4_B_4451,1
7YAN_A_9826,1
1CJC_A_17149,1
2HI4_A_6523,1
2VWU_A_9819,0
3KQ0_A_22886,1
5UX4_A_3333,0
6EIX_A_218,0
1R9O_A_15926,1
3TJS_A_10974,1
5HK1_A_22154,1
1PQ2_A_5658,1
1PQ2_A_19649,1
4FV6_A_11938,0
6QMR_A_6098,0
3TJS_A_23913,1
2PID_A_14986,1
3U9S_A_16878,1
3BUR_A_6338,0
6KUW_A_7035,1
3TJS_A_27255,1
6EIX_A_17608,1
1Z8D_A_9123,0
1R9O_A_18308,1
4YVV_A_17870,0
7JTN_A_27219,0
7QGM_A_18763,1
1H4O_A_19495,0
3TJS_A_3695,1
1R9O_A_17287,1
8GK3_A_17912,1
2VCQ_A_26309,0
1GRN_A_6026,0
2F7E_E_2807,1
2HI4_A_10030,1
7PK0_A_16378,0
5JK7_D_9466,0
2XRF_A_4672,0
2F7E_E_7842,1
1HSO_A_22579,0
7LAD_A_26431,1
3TTI_A_21296,0
1KFU_S_662,0
3TJS_A_20039,1
2RJQ_A_24426,1
6SUK_A_2252,1
2N02_A_4793,1
7LAD_A_18116,1
3GQY_A_24137,1
4MJO_A_14006,0
8OXV_A_24408,0
1HSO_A_18467,1
5JLH_F_19980,0
7EO9_A_577,1
7LAD_A_14661,1
5IJT_A_11884,0
3TJS_A_19549,1
7YAN_A_4385,1
5IFI_A_2063,0
6P5M_A_2007,1
7YAN_A_6843,1
1PQ2_A_4133,1
4C9G_A_22907,0
5MSC_A_3768,0
2BXR_A_20428,1
1ACB_E_8326,1
1OKC_A_2406,1
1R9O_A_22056,1
2AM3_A_26874,0
2BXR_A_3762,1
3TJS_A_21161,1
6CQ6_A_26665,0
8GK3_A_12093,1
1PQ2_A_10962,1
2REI_A_1120,0
2Q8F_A_20634,0
1RXT_A_2681,0
5HVJ_A_5560,0
1PQ2_A_13270,1
2Q5G_A_13891,0
3F3Y_A_5110,1
8C9E_A_23272,0
1R9O_A_6664,1
4AF3_A_6889,1
6YAW_A_27183,1
1EZQ_A_23691,1
3TJS_A_3836,1
3IBD_A_14445,1
4OE5_A_26952,0
8FXS_A_12733,0
5JNR_A_17846,0
3TJS_A_20009,1
7LAD_A_4937,1
4AIW_A_24235,0
2BXR_A_25520,1
5UAN_B_974,0
3TJS_A_2611,1
1H4O_A_7956,0
3J94_A_43,0
7YAN_A_25826,0
6RNK_A_22444,0
1R9O_A_3584,1
1KFU_S_17637,0
4XPB_A_6066,1
2HI4_A_6247,1
2YXT_A_26171,1
1CA3_A_7546,1
3F3Y_A_23845,0
1R8Q_A_22382,0
7LAD_A_23507,1
7YAN_A_26195,1
2CZH_A_9604,0
3TJS_A_26098,1
3ELP_A_7832,0
5MO4_A_18969,1
5KXI_A_26395,0
3TJS_A_21932,1
1JXV_A_26822,1
6T13_A_1407,1
3ZOB_A_17111,0
3PM0_A_19322,1
3TJS_A_4234,1
3TTI_A_13079,0
3OLD_A_14875,1
2IIK_A_23194,1
2HI4_A_26087,1
6F34_A_18922,1
1XW5_A_21554,0
3TJS_A_9719,1
7YAN_A_3800,1
1R9O_A_7826,1
4QGK_A_3158,0
4AF3_A_9418,0
2HI4_A_17701,1
1CA3_A_25546,1
7LAD_A_2463,1
2PID_A_14764,0
6G2N_A_16316,0
5N3W_A_14715,1
2HI4_A_5471,1
1OHV_A_15829,1
4V24_A_27101,0
4D6T_H_4469,0
3IBD_A_12840,1
3HQD_A_14248,1
2OKK_A_4429,0
4G16_A_2058,1
1SQN_A_26876,1
1R9O_A_5210,1
1Z8D_A_18340,1
1PQ2_A_12700,1
3TJS_A_13577,1
4D6T_H_22758,1
2ZZ0_A_7663,1
8U2T_A_12128,0
3TJS_A_924,1
2E56_A_8133,0
8GRB_C_24132,0
3TJS_A_25350,1
4XPB_A_18329,1
7BY1_A_13165,0
4QGK_A_8010,0
3TJS_A_3216,1
2BXR_A_18550,1
3RUK_A_15218,1
1EL3_A_2912,1
4FV6_A_26926,1
3TJS_A_16346,1
3BEJ_A_23001,0
2OXE_A_8668,0
3IBD_A_4516,1
2HI4_A_15368,1
5HE0_G_1044,0
6FX0_A_18007,0
1EAZ_A_12202,0
6BRJ_A_13399,0
3TJS_A_4042,1
7ELX_H_27042,0
5GMM_A_12601,1
7YAN_A_18207,1
4DC2_A_16394,0
1JXV_A_26902,1
4O0C_A_7237,1
1OHV_A_19823,1
6OP0_A_24510,1
3TJS_A_1421,1
3IBD_A_25045,1
1R9O_A_23537,1
1R9O_A_18914,1
1CA3_A_19031,1
3I6W_A_10401,0
6GQ3_A_938,0
7LAD_A_11216,1
7YAN_A_19906,1
3OQ5_A_26155,0
1M6D_A_4055,1
4I4T_B_17592,0
2F7E_E_1384,1
7LAD_A_24982,1
2HI4_A_24211,1
1DQ8_A_17010,1
6OP0_A_5454,0
1R9O_A_27048,1
3RZL_A_9084,0
2HI4_A_23331,1
1SQN_A_17614,1
1QQJ_A_17306,1
6RZ4_A_6437,1
1PQ2_A_8851,1
5N3W_A_14629,0
1PQ2_A_6016,1
2ON3_A_15322,0
6E5B_N_25473,0
1PCP_A_7888,0
1CA3_A_664,1
4HU1_A_27081,0
4AF3_D_258,1
3KLR_A_6404,0
1MF8_B_17544,0
3APU_A_442,0
4A5T_S_27118,0
3C6G_A_15688,1
8B04_A_302,1
1ACB_E_12171,1
7YAN_A_10068,1
3E4C_A_10036,1
3C0Y_A_25895,0
2HI4_A_12131,1
3OFM_A_5547,1
4BB5_A_15801,1
1IC8_A_13057,0
7YAN_A_6708,0
1PQ2_A_17761,1
7ELX_H_25163,0
6G6W_A_7421,0
3TJS_A_19522,1
6T13_A_1146,0
3IBD_A_24356,0
2VCQ_A_18901,1
2F7E_E_24915,1
7WT2_A_1798,1
2JAM_A_22505,0
1ACB_E_22427,1
2MZE_A_14232,0
4CT4_B_26015,0
1YWH_A_26263,0
6CGC_A_1117,0
4XEM_A_22816,0
2HI4_A_6107,1
1B6C_B_19662,0
2HI4_A_4286,1
7LAD_A_15109,1
2QHM_A_26399,1
1PQ2_A_4628,1
4DCH_A_21522,0
1YZG_A_9692,0
3C3U_A_12931,1
7BY1_A_13618,0
8DAO_F_20422,1
4NDN_A_11576,0
7ZZO_A_12041,1
3E2Y_A_25945,0
2HI4_A_20978,1
1JO6_A_25161,0
1T2K_D_1360,0
5TC0_A_5101,1
3TW2_A_18604,0
4D6U_D_3748,0
6KUW_A_20856,1
1R9O_A_4274,1
1HE2_A_20528,1
4FV6_A_24183,0
1ACB_E_9827,1
3IBD_A_12360,1
3TJS_A_2052,1
3IBD_A_12934,1
1CA3_A_2290,1
1MVS_A_5828,0
8B04_A_24561,1
7YAN_A_13087,1
2QXG_A_981,1
3E4C_A_7005,0
3TJS_A_2141,1
1B3O_A_4136,0
3I2B_A_1493,0
6CFO_A_9770,0
2HI4_A_13909,1
5WZO_A_1975,1
1PQ2_A_6949,1
1IWE_A_17239,1
6RPC_A_1002,1
3TJS_A_25464,1
1EE2_B_16088,0
3IBD_A_2554,1
1RXT_A_1218,0
1PQ2_A_19877,1
3TTI_A_17845,1
4TPK_A_6602,1
5CJ6_A_11762,1
5WH6_A_23557,0
5KXI_A_17021,0
2VWU_A_18399,0
1P4R_A_15214,1
3O96_A_4482,1
1UMY_A_4321,0
1R9O_A_18723,1
5E13_A_25243,0
1II4_A_25850,1
1BDA_A_12664,1
1ZW5_A_11138,0
3Q18_A_24723,0
6QMR_A_25946,0
6U3E_A_17339,1
1KFU_S_6426,0
4XPB_A_2770,1
1B3O_A_14381,0
1JXV_A_6198,1
3R7G_A_18734,0
5N3W_A_17999,1
1R9O_A_5115,1
6Q89_A_23205,0
1PQ2_A_9266,1
4NDN_A_12469,1
1PQ2_A_15278,1
3PM0_A_12539,1
3TJS_A_7228,1
3IBD_A_3117,1
2HI4_A_25417,1
9LDB_A_7971,0
7YAN_A_10100,1
4CQL_A_16786,0
4K0V_A_7361,1
2N52_A_22303,1
3TJS_A_18198,1
2L0P_A_15775,0
3TJS_A_17220,1
1PQ2_A_854,1
4GRW_B_19497,1
3RUK_A_797,0
4DA5_A_24719,0
2HI4_A_22542,1
5WH6_A_9818,1
1PQ2_A_22455,1
5GMM_A_17545,1
1R9O_A_4501,1
6YAW_A_18783,0
1R8Q_A_15095,0
6EHA_A_18595,1
2HI4_A_22667,1
7YAN_A_17361,0
1R9O_A_13428,1
5I96_A_18701,0
6LNM_A_9789,1
1R9O_A_12818,1
8GK3_A_23720,1
2W6E_D_1309,0
3O8Y_A_22354,0
4CT4_B_2823,0
8DAO_F_18560,1
4FV6_A_20957,1
4E5Y_A_10238,0
2HI4_A_7820,1
3DSL_A_7085,1
3MTL_A_25857,0
5MO4_A_14424,1
4TPK_A_4458,1
3N9Y_A_7944,1
3CKI_B_22748,0
1LPQ_A_4144,1
5N3W_A_11252,1
11GS_A_4998,1
1R9O_A_26621,1
1R9O_A_11143,1
7MJC_A_11903,0
1CA3_A_26577,1
3TJS_A_18408,1
2Q5G_A_16363,1
3QM4_A_171,1
3TJS_A_249,1
6CGC_A_25381,0
2OKJ_A_6285,1
1R79_A_13350,0
1PQ2_A_4098,1
1PQ2_A_17762,1
2W4O_A_8379,0
1AHW_C_1754,0
6M7X_A_7856,0
3TJS_A_478,1
5HK1_A_10850,1
6SE3_A_6564,1
5N3W_A_25582,1
6CFO_A_22017,0
7RTG_A_19060,0
2BXR_A_10239,1
1CI6_A_5051,0
1RON_A_17815,0
7UT0_A_12710,0
1I4D_D_27098,0
3TJS_A_2376,1
2Q5G_A_25478,0
5MSC_A_16542,0
2HI4_A_3851,1
2N02_A_24879,0
1KFU_S_2537,1
6CFO_A_24234,0
1MF8_B_17106,0
2HQU_A_26809,0
3TJS_A_2003,1
6OP0_A_10375,1
7YAN_A_17301,0
6V6Q_A_7724,0
5WZO_A_17443,0
3TJS_A_13168,1
2X0G_A_10020,1
2HI4_A_7919,1
2HI4_A_15900,1
4A5T_S_6500,0
3TJS_A_13543,1
3TJS_A_9224,1
3TJS_A_22435,1
7WT2_A_21597,1
1UR6_A_9955,0
3TJS_A_11808,1
2HRB_A_5260,0
2K4T_A_19070,0
4ZVV_A_4675,1
1EE2_B_25348,0
2OKJ_A_3196,0
1Q3M_A_4641,1
4XPB_A_20027,1
4A5T_S_24239,0
1L9X_A_5365,0
1R9O_A_24261,1
3BEJ_A_4731,1
2HRB_A_14461,1
4K0V_A_1034,0
1QQJ_A_9875,1
1MVS_A_537,1
7WT2_A_6193,1
3KQ0_A_8982,0
3TJS_A_26412,1
3OZZ_B_17047,0
1Z8D_A_13888,1
1HT0_A_24765,0
7LAD_A_7990,1
7PK0_A_23372,0
3IBD_A_15471,1
6U3E_A_13435,1
7RTG_A_11997,1
6KUW_A_13104,1
4CQL_A_4082,1
3TJS_A_21596,1
2F7E_E_7723,1
1CA3_A_253,1
4ZA0_A_6274,0
2DYB_A_24119,1
4D6Z_A_3371,0
3F3Y_A_26700,0
4TPK_A_13950,1
5JK7_D_9712,0
3I2B_A_8881,0
5WH6_A_6007,1
1PQ2_A_6310,1
3TJS_A_2484,1
4ZNE_A_11727,0
1R9O_A_18510,0
7RTG_A_12184,1
3IBD_A_22445,1
3TJS_A_10542,1
1WSR_A_26973,0
1JHB_A_4276,0
6P5M_A_4422,0
2JAM_A_11329,1
1PQ2_A_133,1
5MSC_A_2707,0
6ASY_A_19763,0
4YVV_A_3735,1
3O96_A_14584,1
1SQN_A_24778,1
6CGC_A_19036,0
8GK3_A_5068,1
1RY7_B_25931,0
4AOH_A_5136,1
3TJS_A_14194,1
1DEH_A_3105,1
1XW5_A_17145,1
1CA3_A_17946,1
7LAD_A_3061,1
6AT5_A_25055,0
4BB5_A_21948,1
6UP1_A_14508,1
2DW0_A_25540,0
1R9O_A_5573,1
5UX4_A_9734,0
8B7S_A_9348,0
7YAN_A_2074,1
1R9O_A_17776,1
1PQ2_A_24422,1
3TJS_A_5084,1
5CJ6_A_17418,1
7LAD_A_1776,0
1BUH_B_19199,1
6E5B_N_18076,0
2BXR_A_22703,1
4RM8_A_3143,0
6F34_A_10751,0
1PQ2_A_23688,1
1PQ2_A_11523,1
1PQ2_A_18669,1
7PK0_A_17527,0
2HI4_A_22490,1
3TW2_A_4071,1
1L9X_A_14422,0
1SEN_A_8058,0
6SE3_A_22730,1
3ECM_A_13808,0
4A5T_S_3365,1
4ZEL_A_21050,1
1R9O_A_11123,1
5OMY_A_17807,0
1R9O_A_17334,1
3ELP_A_3894,0
7YAN_A_7770,0
1KAO_A_7423,0
5N6R_A_13924,0
11GS_A_14512,1
4YWY_A_26678,0
6GPS_A_22663,0
1R9O_A_9676,1
3TJS_A_4032,1
1HT0_A_17710,1
4NDN_A_2689,0
2QHM_A_20033,1
3Q18_A_12024,0
1CA3_A_18453,1
1PQ2_A_3220,1
3OLD_A_62,1
7LAD_A_9360,1
5HVJ_A_5179,0
5I96_A_16726,0
3IBD_A_19386,1
4QGK_A_10684,0
1B6A_A_200,1
3IBD_A_26694,1
1IL6_A_2850,1
1PQ2_A_16243,1
7YAN_A_20362,0
7SQM_A_2564,0
1YZG_A_3052,0
1OHV_A_23808,0
1PQ2_A_25862,1
2HI4_A_10752,1
1Z8D_A_27191,1
2R37_A_15710,0
3F5O_A_9018,0
5TC0_A_21160,0
2COG_A_73,1
1F0Y_A_17902,1
1R9O_A_22957,1
3TJS_A_26071,1
3WYG_D_23625,1
6PWZ_A_23334,0
1WVA_A_10281,1
2B3X_A_6250,0
11GS_A_9965,0
6O60_B_23134,0
1R9O_A_13713,1
1CA3_A_20451,1
2HI4_A_7580,1
4O1L_A_7068,0
7YAN_A_25608,0
6N2U_A_10447,0
5TP0_A_21381,0
5CJ6_A_13589,1
5G3N_A_11454,0
6CFO_A_18736,0
6EIX_A_23991,0
1CA3_A_8441,1
3IBD_A_16773,1
2CFH_A_21757,1
1R9O_A_23186,1
7LAD_A_22230,1
6E08_L_11806,1
1VL8_A_12759,0
8DAO_F_17910,1
2GER_A_7204,0
1R9O_A_5617,1
3TTI_A_20103,1
3TJS_A_12569,1
4QGK_A_27305,1
1R9O_A_11262,1
3KQ0_A_944,1
3TJS_A_2983,1
1HML_A_6743,1
7YAN_A_10105,0
1ZW5_A_25512,1
1R9O_A_3562,1
3TJS_A_13160,1
1R9O_A_7328,1
1HY9_A_10891,0
4XPB_A_25301,1
1R9O_A_9464,1
1BPX_A_21658,1
4FV6_A_4832,1
7YAN_A_7292,1
1JO6_A_5,0
3TJS_A_16465,1
4OLI_A_4393,0
1HRJ_A_24997,1
1R9O_A_16867,1
9LDB_A_14932,0
7ELX_H_18816,0
6RPC_A_22216,1
3WYG_D_7833,1
4OLI_A_16730,0
3O8Y_A_11261,0
4EC8_A_7042,0
3TJS_A_19524,1
1CB1_A_21739,1
3TJS_A_20202,1
6TOR_A_12793,0
5GMM_A_26872,0
4UY9_A_18459,0
3O8Y_A_11952,1
3N9Y_A_1245,0
3I6W_A_14859,0
3TJS_A_712,1
3ML5_A_3994,1
4AIW_A_9240,0
3WYG_D_12586,1
3PM0_A_1440,1
3C49_A_8413,1
1SEN_A_13777,0
3TJS_A_24783,1
5TP0_A_3288,0
1QQJ_A_13963,0
2F7E_E_8435,1
5UX4_A_4575,0
6PWZ_A_16063,1
1P4R_A_26189,1
5HVJ_A_11600,1
5I96_A_25928,0
7PK0_A_27283,0
1GRN_A_14537,0
1WSR_A_9255,1
1G3M_A_20644,0
1PQ2_A_26470,1
4HWT_A_18422,0
3TJS_A_19402,1
3K6S_B_25186,1
2EAW_A_4745,0
7LAD_A_9567,1
4FV6_A_7582,0
7X7S_A_993,0
4DCH_A_602,0
4EC8_A_1952,0
4K2R_A_17796,0
7YAN_A_8580,1
6RPC_A_21753,0
1PQ2_A_749,1
6FWU_A_22734,0
4AF3_A_976,0
4ZA0_A_23681,0
4NDN_A_7849,0
7YAN_A_17345,0
6EHA_A_3922,1
1OKC_A_8801,0
3TJS_A_10553,1
3U2O_A_5093,0
5M8Q_A_10803,0
4G16_A_4607,0
7YAN_A_16522,0
7YAN_A_24479,1
3SZA_A_13641,0
6YAW_A_25935,0
5FA6_A_19843,1
5MVZ_U_5705,1
3TJS_A_26589,1
1EXT_A_2242,0
1YB5_A_20227,1
4R0B_A_4367,0
2RJP_A_10732,0
2OKK_A_5903,0
2CZH_A_21252,0
2HI4_A_21316,1
4AGC_A_7540,1
1DQ8_A_16806,1
1R9O_A_24756,1
1Z8D_A_15318,1
2K21_A_18410,1
6U3E_A_13711,0
4DA5_A_12050,1
2BXR_A_10640,1
1EL3_A_11817,1
2HI4_A_17162,1
1F0Y_A_21772,0
1R9O_A_1532,1
6JKG_A_4252,0
1SQN_A_21336,1
1Z6X_A_3847,1
6O60_B_27181,1
3TJS_A_6786,1
5DYH_A_3382,0
2F7E_E_21893,1
3TJS_A_23893,1
3TJS_A_7908,1
3TJS_A_23202,1
3IIB_A_707,0
6CFO_A_1257,0
2W6E_D_18623,0
1SWX_A_10909,0
3TJS_A_25418,1
4Z32_A_26037,0
5UQS_A_17170,0
2ON3_A_25571,0
3IBD_A_4761,1
2HI4_A_21751,1
1R9O_A_25177,1
1CA3_A_6225,1
4DA5_A_13846,0
8B7S_A_11218,0
6FX0_A_2826,1
1L9M_A_19300,0
1UR6_A_19684,0
7SQM_A_11695,1
2QHM_A_15259,1
8BEM_A_13442,0
2XX3_A_15519,1
3TJS_A_9614,1
3TJS_A_16691,0
7BR3_A_20951,1
3TW2_A_8777,0
4ZEL_A_19569,0
3RZL_A_27208,0
6X0S_A_8911,0
2YXT_A_6294,1
2HI4_A_15916,1
3TTI_A_7205,0
4D6Z_A_21848,1
1AGN_A_24838,1
1CA3_A_13525,1
6E5B_N_18443,1
4BEW_A_14858,1
1SWX_A_18204,0
7LAD_A_25270,1
1ACB_E_15238,1
2F7E_E_12790,1
4Z32_A_17292,0
6OP0_A_12936,1
3TJS_A_16220,1
4TPK_A_10598,1
2W6E_A_3086,0
3GQY_A_3743,1
6UP1_A_22705,1
1HE2_A_23477,0
3ML5_A_15724,1
4CT4_B_24255,0
4AIW_A_21969,1
3TJS_A_13736,1
5UQS_A_24302,1
1A27_A_17015,0
3E4C_A_20857,1
4O1L_A_2647,1
3KQ0_A_26182,0
3DLX_A_20481,0
1OE9_B_22863,1
1MVS_A_8194,0
1VZO_A_8387,0
7LAD_A_8263,1
6NUI_A_19813,0
1I1N_A_15345,0
3O4R_A_25053,0
3TJS_A_12629,1
6FX0_A_3038,1
1K6M_A_24193,1
1HSO_A_808,1
5MSC_A_16452,0
1PQ2_A_5342,1
1R9O_A_8334,1
1GRN_A_15312,1
3O4R_A_16454,1
1R79_A_23867,0
6HPO_A_26492,0
3TJS_A_13176,0
1WVA_A_26093,1
3TJS_A_7705,1
6CGC_A_24371,0
2JEV_A_26149,0
3HI7_A_12077,0
3IBD_A_18266,1
4RM8_A_7559,0
4UEX_A_20759,0
8B7S_A_2236,0
5EE5_B_10562,0
1WVA_A_20835,1
5HBF_A_20045,0
1JO6_A_21005,0
3PM0_A_6530,0
5V1B_A_15630,0
1X9D_A_22700,0
3ML5_A_4830,0
6JOD_A_10969,0
3KIJ_A_16053,0
3TJS_A_26706,1
2ZB2_A_5589,1
3TTI_A_10601,0
6RNK_A_7050,0
6B2E_B_10336,0
2ZZ0_A_11308,1
6AGV_A_24944,1
5IEG_A_3574,0
3O8Y_A_9383,0
2F7E_E_7344,0
1B6A_A_23984,1
6FWU_A_17082,0
4ZVV_A_4699,1
4TTB_A_16288,0
4QUV_A_21297,1
3KLR_A_13237,0
2XSX_A_17352,1
2COG_A_19046,1
3Q18_A_24056,0
6OP0_A_7209,0
7YAN_A_22015,1
6RNK_A_25948,1
5HK1_A_219,1
4P5X_A_1838,0
2HI4_A_480,1
1WSR_A_20042,0
5OMY_A_16142,1
8DAO_F_18120,1
3N9Y_A_13595,1
3TJS_A_16849,1
4ZNE_A_11151,0
11GS_A_2825,1
3TJS_A_831,1
1R9O_A_14197,1
3RUK_A_18154,0
5MVZ_U_4158,0
1R9O_A_24749,1
2P31_A_363,0
7PK0_A_3438,0
1YUR_A_26387,0
11GS_A_11464,1
3TJS_A_13244,1
1Z8D_A_19886,1
1HRJ_A_19180,0
5FA6_A_26292,1
2HQU_A_14196,0
8GK3_A_8509,1
1II4_A_3785,1
3Q18_A_11527,0
7YAN_A_22372,0
7MLH_A_27363,0
3TJS_A_23532,1
3TJS_A_13951,1
1BPX_A_25286,0
3OLD_A_24091,1
1PBH_A_11823,0
4IP7_A_25745,0
1ACB_E_2294,1
1KWP_A_24306,0
6LHM_A_22067,1
1X9D_A_15020,0
5DYH_A_3025,0
2VCQ_A_6117,0
1K6M_A_11483,0
1RML_A_12500,1
5CJ6_A_286,1
5GL7_A_16014,0
3TJS_A_25269,1
3TJS_A_14371,1
3TW2_A_17529,1
3TJS_A_8141,1
4ZNE_A_9547,0
5GMM_A_12639,0
4Y62_A_21320,1
2Z7Q_A_26832,0
4FL2_A_17581,0
1R9O_A_2724,1
3IBD_A_19992,1
4GDX_A_15943,0
6F34_A_11647,0
3TJS_A_19073,1
1EE2_B_19734,0
1B6A_A_21656,1
1PQ2_A_5173,1
7YAN_A_1932,1
2C3N_A_23817,0
1R8Q_A_2315,1
6CQ6_A_8342,0
2F7E_E_19756,1
1KQN_A_6290,0
1II4_A_27233,1
3WYG_D_25949,1
7LAD_A_23326,1
3HI7_A_9023,0
3DSL_A_1327,1
2HI4_A_11655,1
3TJS_A_27386,1
1HRJ_A_5276,0
6E5B_K_2251,0
1R9O_A_27185,1
5VR8_A_10122,0
7RTG_A_26820,0
2QHM_A_3502,0
3TJS_A_8637,1
5TP0_A_20186,0
3IBD_A_26186,1
7LAD_A_7811,0
2YXT_A_7285,1
1RML_A_17682,0
1R9O_A_11415,1
1LPA_B_23733,0
2HI4_A_18634,1
1JHB_A_24697,0
7WT2_A_22592,0
3MY0_A_5685,1
2E2R_A_25297,0
3IBD_A_12160,1
2XE6_A_13751,1
1B3O_A_26818,1
2ON3_A_20001,0
1OPK_A_7145,1
1R9O_A_26749,1
3B6R_A_25844,0
2P31_A_20188,0
5B6M_A_11501,1
5OQT_A_20678,0
2IIP_A_25843,1
4MJO_A_2558,1
4D6Z_A_22378,1
6KZB_A_23538,0
6T13_A_11876,0
1R9O_A_17009,1
2N02_A_8329,1
1T27_A_15463,0
3C3U_A_6146,1
8GK3_A_17831,1
1R9O_A_1099,1
4QGK_A_10858,0
1Z8D_A_12821,1
3TJS_A_20913,1
1R79_A_22902,0
1PQ2_A_8094,1
3E2Y_A_23994,0
7YAN_A_3405,1
1R9O_A_3199,1
5CJ6_A_24702,1
5WH6_A_69,1
3IBD_A_7117,1
2B3X_A_19882,0
1CA3_A_13030,1
2HI4_A_25480,1
2Q8F_A_20075,0
1OKC_A_360,0
8FXS_A_22774,0
1MVS_A_20523,1
3TJS_A_9773,1
1Z6Y_A_22149,0
1ZNC_A_12267,1
4K0V_A_25082,1
6E5B_H_12534,0
7LAD_A_25406,1
1R9O_A_21828,1
1EL3_A_26999,1
8GK3_A_2318,1
1R9O_A_8338,1
7RTG_A_1029,1
2HQU_A_8029,0
2BXR_A_9946,1
1PQ2_A_23483,1
4YC6_A_19570,0
7LAD_A_17224,1
2B3X_A_14898,0
6U3E_A_1804,0
8Q61_A_23219,0
1Z8D_A_16873,1
7LAD_A_1751,1
2MZE_A_13775,0
5GMM_A_21117,0
2HI4_A_4114,1
4XPB_A_12341,1
4ZEL_A_22113,0
3C3U_A_7863,1
5CJ6_A_16410,1
1R9O_A_10129,1
6CFO_A_19854,0
6V6Q_A_5528,0
2ZZ0_A_19285,0
6U3E_A_14202,0
3IBD_A_5360,1
2HI4_A_8020,1
3KLR_A_7800,0
1RON_A_8136,0
1TG6_A_11886,0
4QJR_A_16947,1
2W6E_D_20630,0
6F34_A_8031,1
2DW0_A_6494,0
4AGC_A_26584,0
4WLJ_A_8306,1
5MO4_A_8938,1
1LPQ_A_1564,1
3TJS_A_7514,1
4EYC_A_16370,1
4HT2_A_25592,1
1SQN_A_9700,1
4BEW_A_20243,0
6KZB_A_26934,0
1V95_A_26752,1
4AOH_A_18401,1
3OLD_A_2088,0
5HK1_A_96,0
6I33_A_22729,0
7LAD_A_8541,1
3TJS_A_8813,1
6UP1_A_8803,1
1PQ2_A_2919,1
3TJS_A_13867,1
1YUR_A_2488,0
5M8Q_A_2797,0
1R9O_A_98,1
1R79_A_3672,0
5WZO_A_19518,0
1R9O_A_13669,1
3WYG_D_13679,1
7LAD_A_16470,1
6OP0_A_9347,1
1ZNC_A_503,0
1QQJ_A_26848,0
2E56_A_4595,0
5UX4_A_4632,1
3KXC_C_18769,0
1R9O_A_24654,1
2E2R_A_14655,1
8OXV_A_17057,0
2GER_A_17272,0
1WVA_A_6178,0
4XPB_A_9198,1
1R9O_A_13745,1
4CT4_B_17905,0
1RON_A_1336,0
1R9O_A_5424,0
2IIP_A_14833,0
4D6Z_A_20679,0
4ZVV_A_24566,0
2JEV_A_18828,0
7YAN_A_18193,1
3C0Y_A_21577,1
1AHW_C_156,0
5NHG_A_23835,0
6KUW_A_1526,1
1CB1_A_6738,0
2X0G_A_2492,0
1K7L_A_13728,0
1RY7_B_14286,0
1R9O_A_7426,1
5CJ6_A_16172,0
7YAN_A_21691,1
1R9O_A_4364,1
3TJS_A_13462,1
1PQ2_A_24447,1
2BXR_A_8829,1
3F3Y_A_25800,1
7YAN_A_20249,1
1Z8D_A_20259,1
3IBD_A_8909,1
3MA2_A_13955,1
3DDU_A_25518,1
7BY1_A_15145,1
8FXS_A_770,0
7BY1_A_16513,0
4AF3_A_10357,0
7LAD_A_11621,1
1RNF_A_25680,1
7LAD_A_17572,1
2PID_A_14613,0
2HI4_A_11164,1
3VG9_A_6095,1
2BXR_A_3593,1
8GK3_A_1216,1
4BB5_A_26611,0
6RV2_A_9788,0
5G3N_A_10057,0
5IFI_A_21164,0
3JUB_A_21147,0
4DCH_A_4466,0
7JTN_A_15808,0
1RJV_A_22130,0
2P31_A_25402,1
4XPB_A_15840,1
4Y62_A_20624,1
1FUJ_A_26397,0
2IIP_A_2392,0
4YVV_A_21423,1
4A5T_S_12127,0
1X9D_A_24318,1
3IBD_A_19005,1
7SQM_A_517,0
6FWU_A_19605,0
7LAD_A_17713,1
5I96_A_11264,0
5U03_A_14909,0
1EL3_A_16460,1
1X6V_A_9895,0
5CJ6_A_23575,1
1Z8D_A_5812,0
3N9Y_A_17929,1
2VCQ_A_19785,0
4FV6_A_1777,1
4D6Z_A_16131,0
3BUR_A_23467,0
6NUI_A_22764,0
5EK2_A_3475,1
7QUH_A_22281,0
3PM0_A_13786,1
1R9O_A_27005,1
1Q8G_A_9679,0
7QGM_A_4241,0
3TJS_A_23125,1
3TJS_A_17812,1
1SQN_A_2267,1
3OE6_A_22090,0
1KFU_S_4891,0
1B6C_B_26117,1
5MFA_A_5462,0
3TJS_A_10014,1
1PQ2_A_26007,1
6E5B_N_21223,0
1SQN_A_26560,1
3IBD_A_120,1
4A5T_S_1795,0
1PQ2_A_24121,1
2YRQ_A_23228,0
6Q8Z_A_14967,0
1JXV_A_18465,1
4EC8_A_21451,0
4ERC_A_23216,1
6F34_A_20184,1
2XX3_A_23911,1
2HI4_A_1352,1
4UYB_A_17390,0
3IBD_A_7765,1
3TJS_A_6611,1
8B7S_A_25703,0
3I2B_A_17960,0
4I4T_B_1706,0
1PQ2_A_25663,1
5IEG_A_4463,0
6KUW_A_320,1
5CJ6_A_10750,0
6SW5_A_5568,1
6KZB_A_10103,1
2HI4_A_19201,1
4QGK_A_9566,0
7YAN_A_16389,1
1Z6X_A_23119,0
1B3O_A_24905,0
4TPK_A_2423,1
1PQ2_A_23791,1
1Q7L_A_20862,0
1APS_A_4860,0
3TJS_A_24116,1
6LHM_A_1939,0
1R9O_A_25591,1
6E5B_K_17263,0
2I47_A_21412,1
1R9O_A_10717,1
1R9O_A_18880,1
4BKE_A_20847,1
5MO4_A_27182,1
1KZW_A_5803,0
1JXV_A_7993,1
2HI4_A_20981,1
2HI4_A_10019,1
1R9O_A_4686,1
1R9O_A_16956,1
4Z32_A_3896,0
6CGC_A_15550,1
1S3A_A_9176,0
4BB5_A_6252,1
4LIQ_E_4247,0
3HQD_A_26938,1
5DYH_A_10152,0
8U2T_A_27429,0
4G16_A_21197,1
1N4H_A_8884,0
3TJS_A_3641,1
6JOD_A_10424,0
5N86_A_19239,1
5IJT_A_23844,0
4D6U_D_858,1
6LNM_A_21766,0
1AII_A_10111,0
2QHM_A_12400,1
4TPK_A_14667,1
1URL_A_13894,0
3MY0_A_19426,0
2I47_A_15422,0
6FX0_A_1369,1
1LPA_B_10117,0
3TJS_A_21794,1
6YAW_A_21598,0
7RTG_A_14084,1
2JAM_A_17485,0
6U3E_A_21542,0
5JNR_A_6780,1
4UEX_A_12460,0
1IC8_A_25898,0
1CA3_A_8558,1
2I83_A_18368,1
1B6C_B_12783,0
4I4T_B_4776,0
5N6R_A_929,1
2HI4_A_5819,1
4MVD_A_25823,0
6QMR_A_4259,0
3TJS_A_18170,1
3TJS_A_1435,1
4HT2_A_10646,0
7RTG_A_13259,1
6GQ3_A_15761,1
2I99_A_2744,0
4D6Z_A_20540,0
1NUP_A_13973,0
6G6W_A_15847,1
6FX0_A_17498,1
8B7S_A_18994,0
2JAM_A_25967,0
1PQ2_A_25625,1
2QHM_A_15756,1
3APU_A_10137,1
1OHV_A_16449,0
1HT0_A_14904,1
8B04_A_7245,0
1PQ2_A_17493,1
3MA2_A_12432,0
1R9O_A_2080,1
7YAN_A_11852,0
1N4H_A_10540,0
1MF8_B_21795,0
1R9O_A_7735,1
3GZC_A_3757,0
3TJS_A_25032,1
6KUW_A_20036,1
3P1M_A_10674,0
3GZC_A_26367,0
5CJ6_A_17403,0
1RML_A_10482,1
6YAW_A_6385,1
1HY9_A_3700,0
5OMY_A_15584,0
1PQ2_A_24461,1
6UP1_A_984,0
1JXV_A_9487,0
7WT2_A_15529,1
3N9Y_A_19350,0
1R9O_A_24939,1
1J3S_A_14483,0
3IBD_A_2044,1
7LAD_A_8949,1
2W6E_A_19710,0
2QHM_A_13251,1
3RUK_A_13478,0
1A27_A_9703,0
8B04_A_5147,1
3TJS_A_26150,1
1T27_A_264,0
3UNB_D_10718,0
1OE9_B_9158,0
3N9Y_A_8634,0
3THB_A_15117,1
2AM3_A_20657,0
5G3N_A_6807,0
1C5G_A_15124,0
7LAD_A_25217,1
7YAN_A_26860,1
2BXR_A_16246,1
3OLD_A_22969,1
3P1M_A_5461,0
1R9O_A_25267,1
5KZW_A_5457,0
2W6E_D_20694,1
6ZBV_A_1695,0
3CMQ_A_23426,0
1PUB_A_16199,1
3TJS_A_24565,1
2HI4_A_18356,1
1PQ2_A_11913,1
5IFI_A_18950,0
3ANQ_A_22506,0
3IBD_A_3742,1
8GK3_A_15301,1
2HI4_A_15290,1
1Q7L_A_12676,1
4Z32_A_26627,1
1RY7_B_8515,1
6CFO_A_24885,0
7E1T_A_9012,0
4YVV_A_10979,1
5N3W_A_6929,1
1PQ2_A_988,1
4CQL_A_25577,0
5IJT_A_4681,0
6V6Q_A_21616,0
7LAD_A_950,1
11GS_A_7946,1
2F7E_E_24852,1
6OP0_A_11530,1
4Y62_A_25732,1
1R9O_A_8848,1
7RTG_A_11456,1
5OMY_A_11451,0
1WVA_A_4986,1
3ZOB_A_21171,0
1R9O_A_14009,1
3TJS_A_5989,1
4HWT_A_3798,0
6R3V_B_25278,0
2BXR_A_7038,1
2BXR_A_4370,1
1OKC_A_15917,0
1KUV_A_4723,1
4UEX_A_10459,0
2VWU_A_3872,1
1NUP_A_3082,0
3TJS_A_19876,1
1HE2_A_12003,1
1OAT_A_13286,1
4XPB_A_5326,1
4CQL_A_3791,0
7ELX_H_26319,0
1YWH_A_24152,0
6TUB_A_2184,0
6KZB_A_21047,0
1KUV_A_8900,0
1R9O_A_14267,1
4ZEL_A_4146,1
1CJC_A_19697,0
7YAN_A_5695,1
1R9O_A_17359,1
1BWX_A_20111,0
3BUR_A_3769,0
1CA3_A_3194,1
3O4R_A_21545,0
2MZE_A_19981,0
4CT4_B_6172,0
5NHG_A_12643,1
1MVS_A_15686,1
5MVZ_U_22950,0
3IBD_A_18325,0
4TPK_A_18538,0
11GS_A_26610,1
1S3A_A_15650,0
3IBD_A_12688,1
3KXC_C_25321,0
5NHG_A_17568,1
6BRJ_A_5436,0
1MF8_B_21496,0
6YAW_A_6205,1
1HY9_A_10665,0
1MF8_B_9627,0
3TJS_A_6230,1
5XAF_E_14173,0
4FV6_A_26781,1
3TJS_A_13491,1
3IBD_A_11086,1
3P1M_A_22036,0
6FWU_A_9936,0
3ECM_A_8935,0
4E5Y_A_14978,0
1EL3_A_810,0
3TTI_A_20953,0
7Q84_A_19583,0
1R9O_A_2405,1
4TPK_A_21402,1
2ON3_A_3329,1
3GC8_A_17754,0
5MVZ_U_9964,1
1PQ2_A_12546,1
3TW2_A_10677,1
6TUB_A_11042,1
1CA3_A_19415,1
7YAN_A_2049,1
3TJS_A_5518,1
2HI4_A_15839,1
3OLD_A_23567,1
1PQ2_A_8876,1
7YAN_A_10310,1
2IIK_A_19515,0
4CIZ_A_7662,0
2BXR_A_23999,1
1L9L_A_5764,0
4IG8_A_14559,0
7YAN_A_1189,1
1BPX_A_3177,0
2I99_A_4440,0
1R9O_A_7414,1
3C3U_A_25424,1
1CA3_A_15445,1
6HPO_A_15692,0
4BB5_A_991,0
1PQ2_A_16891,1
8GK3_A_21986,1
2I47_A_21125,0
5F0J_C_9045,0
1DQ8_A_3348,1
4XPB_A_17070,1
1LPA_B_3284,0
2VCQ_A_12154,1
2O05_A_7356,0
1FUJ_A_10914,0
2X0G_A_2674,0
1EZQ_A_3476,1
3TJS_A_26609,1
3VW7_A_19207,0
3RUK_A_3528,0
4R0B_A_17697,0
4XPB_A_2866,0
7LAD_A_5398,1
7LAD_A_26885,1
2MZE_A_12549,1
5MO4_A_1830,0
2HI4_A_9212,1
2B39_A_25084,0
3ML5_A_18173,1
5IJT_A_17543,1
2H2N_A_3119,0
3TJS_A_3155,0
3K6S_B_8698,0
1SWX_A_17683,1
1HT0_A_6706,1
1LPQ_A_14353,1
3TW2_A_13648,0
2E2R_A_26586,1
4ZA0_A_507,0
4CIZ_A_12614,1
4D6U_D_1347,1
2HI4_A_7288,1
3IBD_A_14848,1
5NHG_A_7341,0
1KWP_A_24824,0
5TC0_A_8375,0
3TJS_A_23631,1
5CJ6_A_14640,1
7LAD_A_8486,1
1AGN_A_11011,0
7VF3_B_4615,0
5KXI_B_21416,1
6HPO_A_14884,1
1AHW_C_12437,1
1CA3_A_25793,1
1DIA_A_2781,0
3TJS_A_22536,1
5WH6_A_14598,0
6YAW_A_20521,0
1YUR_A_4307,0
1BUH_B_26361,0
3WYG_D_4824,1
2F7E_E_21121,1
4AGC_A_8054,1
1BPX_A_24140,0
7BY1_A_27138,1
6RNK_A_27242,0
1R9O_A_13668,1
2C9Y_A_18036,1
2MZE_A_14595,1
1PUB_A_9445,1
2BXR_A_567,1
2REI_A_10793,0
3O4R_A_1363,0
3TJS_A_7941,1
4IP7_A_15287,0
1ZW5_A_11950,1
1LPA_B_3075,0
4TPK_A_2560,0
5JLH_F_23784,0
4C9G_A_25412,0
5GMM_A_2460,1
3NH4_A_24278,0
3TJS_A_26733,1
3TJS_A_392,1
2I47_A_7306,0
6GPS_A_9720,0
6YAW_A_22857,1
1Z8D_A_18429,1
7MLH_A_16164,0
1T2K_D_21599,0
1R9O_A_12205,1
2Q5G_A_21514,1
3WYG_D_16420,1
7LAD_A_10017,1
6E5B_H_18146,0
3TW2_A_3875,0
1C5G_A_16103,0
2E56_A_2971,0
5WKP_A_3034,0
8B04_A_20376,1
8D3J_A_9085,0
2XE6_A_9148,0
3C0Y_A_2667,1
5ZNF_A_24315,0
3WYG_D_24108,1
3TJS_A_10965,1
6EIX_A_27205,0
1PQ2_A_20700,1
3E4C_A_17456,0
3TW2_A_14926,0
2XE6_A_12385,0
1L9M_A_1118,1
2VXO_A_24947,0
2HI4_A_25111,1
1CA3_A_23224,0
7YAN_A_4683,1
4GRW_B_16361,0
4DA5_A_19717,0
3Q18_A_5178,1
1N6U_A_24933,0
2QHM_A_10402,1
3TJS_A_1372,1
3TJS_A_7380,1
1B3O_A_15468,0
4XPB_A_9825,1
2YXT_A_7261,0
6PLF_A_11850,0
3OE6_A_18503,0
1K6M_A_14464,1
1APS_A_27013,0
2JEV_A_22603,0
1FR8_A_19759,0
4CT4_B_8962,0
4FU4_A_13262,1
1X6V_A_41,0
1R9O_A_2366,1
5E13_A_6137,1
5UE2_A_18215,0
2XX3_A_18939,1
3OFM_A_27381,0
1K7L_A_18602,1
1OPK_A_11480,1
1ZNC_A_19952,1
5NHG_A_14310,0
2RJQ_A_13252,0
7LAD_A_3280,1
3IBD_A_19081,1
4TPK_A_658,1
3TJS_A_8313,1
3R7G_A_5031,0
1CA3_A_15612,1
7X11_A_4725,0
1DEH_A_16768,1
4Y62_A_23082,1
2I47_A_24701,1
3DSL_A_870,0
1ZNC_A_1213,1
3O4R_A_5918,1
1R9O_A_12067,1
6WCV_A_10893,1
7LAD_A_17420,1
7LAD_A_5067,1
8DAO_F_13515,1
6FWU_A_597,0
6N2U_A_3764,0
1R9O_A_8254,1
2Q5G_A_11153,0
3OFM_A_17022,0
5WH6_A_5494,1
1OLM_A_12747,0
5E13_A_21533,0
5N3W_A_9426,1
3TJS_A_16230,1
3I6W_A_9775,0
5IZQ_A_8959,0
3UNB_D_15941,1
3TJS_A_8183,1
3TJS_A_20589,0
1NE7_A_23412,0
3KQ0_A_17033,0
2HI4_A_25707,1
3ELP_A_19056,0
7YAN_A_19699,1
1UR6_A_7070,1
5TP0_A_11276,1
8B04_A_20878,0
1PBH_A_6389,1
2XSX_A_17579,0
7LAD_A_23829,1
7YAN_A_7718,1
2VXO_A_15667,0
5NHG_A_12403,0
2F7E_E_8259,1
1HSO_A_18948,0
4YVV_A_13236,1
1JO6_A_18967,1
3E4C_A_13401,0
6N2U_A_4078,0
3TJS_A_24677,1
4TPK_A_4294,1
1XW5_A_7313,0
1PQ2_A_6323,1
5JLH_F_1049,0
1CA3_A_6551,1
6FX0_A_10943,0
5WH6_A_5949,1
7YAN_A_12691,1
6CFO_A_20607,0
7LAD_A_21515,1
4AGC_A_25646,1
2OXE_A_10826,0
4QGK_A_23840,1
1ACB_E_16060,1
1K6M_A_8084,1
3B6R_A_9056,1
8GK3_A_3772,1
2YRQ_A_21200,0
5GMM_A_1130,1
5E13_A_17931,1
1EE2_B_12960,1
3NE4_A_4498,0
4C2X_A_19667,1
3ZOB_A_3514,0
1R9O_A_8434,1
2HI4_A_21055,1
3GZC_A_16857,1
6CQ6_A_15508,0
1R9O_A_26324,1
7YAN_A_1928,1
3VG9_A_4623,0
6RV2_A_3738,1
5LJB_A_18397,0
2IIK_A_1792,0
1CA3_A_10830,1
1WSR_A_20955,0
3TJS_A_633,1
3RUK_A_6574,1
1VL8_A_15071,0
1RY7_B_14233,0
3WYG_D_4577,1
4XPB_A_3747,1
5WZO_A_15491,0
8HAX_A_15494,0
2W6E_D_9988,1
3HQD_A_6570,1
5MSC_A_1383,1
1MVS_A_15246,1
1PQ2_A_23097,1
3TJS_A_16283,1
7Y0A_A_6120,1
1EL3_A_17699,1
7LAD_A_26313,1
3TJS_A_15816,1
3N9Y_A_20487,0
1T2K_D_16838,0
2L0P_A_10428,0
3C3U_A_16698,1
4C2X_A_6469,1
5M8Q_A_17327,0
9LDB_A_17289,0
2IIP_A_16833,0
5MSC_A_26795,1
4D6Z_A_8157,0
6E5B_N_12211,0
1PQ2_A_21675,1
1R9O_A_18782,1
3O8Y_A_3961,0
4HT2_A_13475,0
4XPB_A_20653,1
1RXT_A_14276,1
4BB5_A_26375,0
6AGV_A_12652,0
6OP0_A_1427,1
3PM0_A_20129,1
1HE2_A_7207,0
3IBD_A_6901,1
8GK3_A_4309,1
4G8A_A_14477,0
2RJP_A_23234,0
1RML_A_25022,1
3MA2_A_16734,1
7LAD_A_14636,1
6HN3_A_12389,0
4D6U_D_6116,0
6HPO_A_15028,1
3TJS_A_4862,1
1B6C_B_21419,0
5JK7_D_13758,0
2HI4_A_22767,1
7YAN_A_1965,1
4XSV_A_8597,0
4ZVV_A_22370,0
2HI4_A_310,1
1FGG_A_26778,1
1PBH_A_19612,1
5FA6_A_4923,1
1PQ2_A_3983,1
2HI4_A_21712,1
1OLM_A_17413,0
1EL3_A_27228,1
6Y35_C_26430,0
2XX3_A_19653,0
7YAN_A_1820,1
8DAO_F_298,1
2HI4_A_5027,1
7YAN_A_15430,0
1CA3_A_21052,1
6PWZ_A_12538,0
4C9G_A_4966,0
5G3N_A_12225,0
7YAN_A_8357,1
5WZO_A_18485,1
1RML_A_12696,1
4E5Y_A_11201,1
4D6U_D_20193,1
3KQ0_A_12597,0
3OFM_A_21476,0
4DCH_A_10737,1
1PQ2_A_20924,1
7LAD_A_15901,1
7YAN_A_2800,0
5XIX_A_47,0
1HT0_A_15327,1
3TJS_A_11572,1
6SE3_A_18543,1
4HT2_A_20081,0
1F0Y_A_7707,0
2ON3_A_26616,1
3TJS_A_24578,1
5BWA_B_10211,0
1KFU_S_26153,0
2OL2_A_16367,0
2ZZ0_A_8126,0
1R9O_A_1456,1
6JOD_A_14963,0
1R9O_A_6855,1
11GS_A_8786,0
1IL6_A_8646,0
4FV6_A_22685,1
1T2K_D_8638,0
4ZVV_A_8330,0
1R9O_A_12083,1
1OHV_A_23506,0
6T13_A_16608,0
8HAX_A_15198,1
4A5T_S_25923,1
2E2R_A_17864,0
6RPC_A_6135,1
1PQ2_A_25812,1
1CA3_A_17954,1
7YAN_A_2256,1
4EC8_A_21580,0
2O05_A_26372,0
3CMQ_A_26956,0
5UX4_A_13188,1
2NA0_A_9560,0
1ZRH_A_26465,0
5JLH_F_12362,0
7UT0_A_1517,0
4EYC_A_19022,0
4BB5_A_10051,1
3TJS_A_21763,1
2HI4_A_15153,1
1ZW5_A_2718,1
5M8Q_A_13551,0
2KS9_A_15924,0
4A5T_S_7806,1
1EL3_A_16406,1
1APS_A_19079,0
3TJS_A_14138,1
4FV6_A_12566,1
1SQN_A_25909,1
2JAM_A_20281,0
1PQ2_A_12535,1
7RTG_A_23168,1
6SUK_A_2448,1
2HI4_A_11757,1
3C3U_A_19120,0
3BEJ_A_6803,1
2E2R_A_2993,1
1R9O_A_4696,1
4Z32_A_15498,0
1PQ2_A_2208,1
1T2K_D_11897,0
4GDX_A_10485,1
1HRJ_A_21678,0
2I47_A_4053,0
5VOD_L_26344,1
8GK3_A_2143,1
2HI4_A_7264,1
1DQ8_A_26072,1
1I1N_A_4074,0
2XX3_A_20170,1
2JEV_A_15815,0
8GK3_A_305,1
3TJS_A_5515,1
4XEM_A_4203,0
1BWX_A_12914,0
1BWX_A_16028,0
3OLD_A_22215,1
2P31_A_17790,0
6OP0_A_15604,1
1A27_A_3797,1
4TPK_A_24627,1
4AF3_D_26338,0
5TP0_A_4044,1
4ZVV_A_9402,0
3TJS_A_26823,1
2C9Y_A_15930,1
1RNF_A_18487,0
1HY9_A_20962,0
3TJS_A_13617,1
1K7L_A_5122,0
2W4O_A_12683,0
3OE6_A_17351,0
7LAD_A_8063,1
7LAD_A_5044,1
3TJS_A_17341,1
1OHV_A_24175,0
2BXR_A_11118,0
2N02_A_11634,1
5ZNF_A_7235,1
1JXV_A_18004,1
3DDU_A_22940,0
2XSX_A_14333,0
5NHG_A_8367,0
1Z8D_A_23730,1
7PK0_A_5219,0
5FA6_A_16616,0
1LPA_B_7461,1
3TJS_A_4441,1
1PQ2_A_18691,1
6LHM_A_11179,0
6KZB_A_16207,0
5WZO_A_13712,1
2BXR_A_2191,1
5MO4_A_25789,0
1AHW_C_1523,0
1RXT_A_27412,0
1PBH_A_13007,0
4DC2_A_8973,0
3RZL_A_17675,0
3WYG_D_5609,0
3WYG_D_12924,1
3VG9_A_3180,1
3TJS_A_7448,1
3TJS_A_18698,1
2MZE_A_6169,0
1ZNC_A_1084,1
2BXR_A_4550,1
3TJS_A_13877,1
2AM3_A_588,0
3ECM_A_6878,0
4J15_A_12608,0
7YAN_A_17571,1
2VCQ_A_27347,0
8GK3_A_7940,1
5HK1_A_5884,1
3TJS_A_14215,1
1EL3_A_2758,0
7Y0A_A_26712,0
4ERC_A_19139,0
2HI4_A_4599,1
3ELO_A_15750,1
2HI4_A_2213,1
3TJS_A_14523,1
1GRN_A_22193,1
4QUV_A_5384,0
1CA3_A_3098,1
1JVD_A_6100,0
3TJS_A_25034,1
3MA2_A_3844,0
3TJS_A_21536,1
3TJS_A_26101,1
1Q7L_A_18740,0
5B6M_A_14876,0
5N3W_A_19746,1
3TJS_A_3011,1
2KVU_A_16360,0
5OQT_A_20538,1
1CA3_A_9241,1
3TJS_A_17657,1
5TP0_A_223,1
5DYH_A_2841,0
4AGC_A_11083,1
4IP7_A_27249,0
4TPK_A_7007,1
4YC6_A_17444,1
2F7E_E_18532,1
7E1T_A_23751,1
7BR3_A_20024,1
1CA3_A_464,1
7YAN_A_8800,0
1C5G_A_3164,1
8B04_A_3736,1
3ICH_A_15194,0
1CA3_A_695,1
3F3Y_A_17113,0
2R37_A_18780,0
1B6A_A_18760,1
5MO4_A_15523,1
3GC8_A_18050,1
4DC2_A_9110,0
3WYG_D_2574,1
1R9O_A_1729,1
7LAD_A_22893,1
1OAT_A_11477,0
2HI4_A_16788,1
6EIX_A_17822,0
3ECM_A_11256,0
3IBD_A_19998,1
1J3S_A_5015,1
2HI4_A_11087,1
4R0B_A_15211,1
6NUI_A_21886,0
4A5T_S_3583,0
7YAN_A_25245,0
1R9O_A_3311,1
2F7E_E_9839,1
6FY4_A_26210,1
2CZH_A_19650,0
1S3A_A_9001,0
2KVU_A_21870,1
6G2N_A_24270,0
4Z32_A_19328,1
1R9O_A_20665,1
2HI4_A_6125,1
2HI4_A_27046,1
1KAO_A_18133,0
1R9O_A_12675,1
1R9O_A_17793,1
3IBD_A_1980,1
1ZW5_A_3732,1
3TJS_A_9979,1
1K7L_A_26658,0
8X23_A_5307,0
11GS_A_23593,1
4EKU_A_22224,1
4A5T_S_20047,0
1T09_A_23388,1
2XE6_A_16995,0
1R9O_A_4815,1
3TTI_A_2401,1
1PBH_A_7837,1
3ANQ_A_4823,0
3TJS_A_13541,1
7QUH_A_25003,0
1WMA_A_17984,1
8GK3_A_9554,1
4FV6_A_22725,1
4DC2_A_18920,0
8ELC_A_8826,0
4WLJ_A_27434,1
4BB5_A_2210,1
4RM8_A_1955,0
3TJS_A_7203,1
2QHM_A_3682,0
7YAN_A_15474,1
1TUZ_A_20920,0
5VR8_A_2622,0
1Z6X_A_24195,0
3TJS_A_24742,1
3OFM_A_18303,0
7YAN_A_5720,1
7YAN_A_12182,1
3GZC_A_7904,0
5IEG_A_17979,0
1ACB_E_15743,1
3OE6_A_19672,0
1X6V_A_2581,0
1R9O_A_16662,1
1Q3M_A_26503,0
